Symbol,,,,,
A,,,,,
AA,,,,,
AAC,,,,,
AACG,,,,,
AACI,,,,,
AACIW,,,,,
AADI,,,,,
AAIC,,,,,
AAIC-PB,,,,,
AAIC-PC,,,,,
AAIN,,,,,
AAL,,,,,
AAM-PA,,,,,
AAM-PB,,,,,
AAMC,,,,,
AAME,,,,,
AAN,,,,,
AAOI,,,,,
AAON,,,,,
AAP,,,,,
AAPL,,,,,
AAQC,,,,,
AAT,,,,,
AATC,,,,,
AAU,,,,,
AAWW,,,,,
AB,,,,,
ABB,,,,,
ABBV,,,,,
ABC,,,,,
ABCB,,,,,
ABCL,,,,,
ABCM,,,,,
ABEO,,,,,
ABEV,,,,,
ABG,,,,,
ABGI,,,,,
ABIO,,,,,
ABM,,,,,
ABMD,,,,,
ABNB,,,,,
ABOS,,,,,
ABR,,,,,
ABR-PD,,,,,
ABR-PE,,,,,
ABR-PF,,,,,
ABSI,,,,,
ABST,,,,,
ABT,,,,,
ABUS,,,,,
ABVC,,,,,
AC,,,,,
ACA,,,,,
ACAB,,,,,
ACAC,,,,,
ACAD,,,,,
ACAH,,,,,
ACAHU,,,,,
ACAHW,,,,,
ACAQ,,,,,
ACAX,,,,,
ACAXR,,,,,
ACAXU,,,,,
ACAXW,,,,,
ACB,,,,,
ACBA,,,,,
ACCD,,,,,
ACCO,,,,,
ACDC,,,,,
ACDCW,,,,,
ACDI,,,,,
ACEL,,,,,
ACER,,,,,
ACET,,,,,
ACGL,,,,,
ACGLN,,,,,
ACGLO,,,,,
ACHC,,,,,
ACHL,,,,,
ACHR,,,,,
ACHV,,,,,
ACI,,,,,
ACIU,,,,,
ACIW,,,,,
ACLS,,,,,
ACLX,,,,,
ACM,,,,,
ACMR,,,,,
ACN,,,,,
ACNB,,,,,
ACNT,,,,,
ACON,,,,,
ACONW,,,,,
ACOR,,,,,
ACP,,,,,
ACP-PA,,,,,
ACQR,,,,,
ACQRU,,,,,
ACQRW,,,,,
ACR,,,,,
ACR-PC,,,,,
ACR-PD,,,,,
ACRE,,,,,
ACRO,,,,,
ACRS,,,,,
ACRV,,,,,
ACRX,,,,,
ACST,,,,,
ACT,,,,,
ACTG,,,,,
ACU,,,,,
ACV,,,,,
ACVA,,,,,
ACXP,,,,,
ADAG,,,,,
ADAL,,,,,
ADALW,,,,,
ADAP,,,,,
ADBE,,,,,
ADC,,,,,
ADC-PA,,,,,
ADCT,,,,,
ADD,,,,,
ADER,,,,,
ADES,,,,,
ADEX,,,,,
ADI,,,,,
ADIL,,,,,
ADM,,,,,
ADMA,,,,,
ADMP,,,,,
ADN,,,,,
ADNT,,,,,
ADNWW,,,,,
ADOC,,,,,
ADOCR,,,,,
ADOCW,,,,,
ADP,,,,,
ADPT,,,,,
ADRA,,,,,
ADRT,,,,,
ADSE,,,,,
ADSEW,,,,,
ADSK,,,,,
ADT,,,,,
ADTH,,,,,
ADTHW,,,,,
ADTN,,,,,
ADTX,,,,,
ADUS,,,,,
ADV,,,,,
ADVM,,,,,
ADVWW,,,,,
ADX,,,,,
ADXN,,,,,
AE,,,,,
AEAC,,,,,
AEACW,,,,,
AEAE,,,,,
AEE,,,,,
AEF,,,,,
AEFC,,,,,
AEG,,,,,
AEHA,,,,,
AEHL,,,,,
AEHR,,,,,
AEI,,,,,
AEIS,,,,,
AEL,,,,,
AEL-PA,,,,,
AEL-PB,,,,,
AEM,,,,,
AEMD,,,,,
AENZ,,,,,
AEO,,,,,
AEP,,,,,
AEPPZ,,,,,
AER,,,,,
AERC,,,,,
AES,,,,,
AESC,,,,,
AEVA,,,,,
AEY,,,,,
AEYE,,,,,
AEZS,,,,,
AFAC,,,,,
AFACU,,,,,
AFAQ,,,,,
AFAQU,,,,,
AFAQW,,,,,
AFAR,,,,,
AFARW,,,,,
AFB,,,,,
AFBI,,,,,
AFCG,,,,,
AFG,,,,,
AFGB,,,,,
AFGC,,,,,
AFGD,,,,,
AFGE,,,,,
AFIB,,,,,
AFL,,,,,
AFMD,,,,,
AFRI,,,,,
AFRIW,,,,,
AFRM,,,,,
AFT,,,,,
AFTR,,,,,
AFYA,,,,,
AG,,,,,
AGAC,,,,,
AGAE,,,,,
AGBA,,,,,
AGBAW,,,,,
AGCB,,,,,
AGCO,,,,,
AGD,,,,,
AGE,,,,,
AGEN,,,,,
AGFS,,,,,
AGFY,,,,,
AGGR,,,,,
AGGRU,,,,,
AGGRW,,,,,
AGI,,,,,
AGIL,,,,,
AGIO,,,,,
AGL,,,,,
AGLE,,,,,
AGM,,,,,
AGM-PC,,,,,
AGM-PD,,,,,
AGM-PE,,,,,
AGM-PF,,,,,
AGM-PG,,,,,
AGMH,,,,,
AGNC,,,,,
AGNCL,,,,,
AGNCM,,,,,
AGNCN,,,,,
AGNCO,,,,,
AGNCP,,,,,
AGO,,,,,
AGR,,,,,
AGRI,,,,,
AGRIW,,,,,
AGRO,,,,,
AGRX,,,,,
AGS,,,,,
AGTI,,,,,
AGX,,,,,
AGYS,,,,,
AHCO,,,,,
AHG,,,,,
AHH,,,,,
AHH-PA,,,,,
AHI,,,,,
AHL-PC,,,,,
AHL-PD,,,,,
AHL-PE,,,,,
AHPI,,,,,
AHRN,,,,,
AHT,,,,,
AHT-PD,,,,,
AHT-PF,,,,,
AHT-PG,,,,,
AHT-PH,,,,,
AHT-PI,,,,,
AI,,,,,
AIB,,,,,
AIC,,,,,
AIF,,,,,
AIG,,,,,
AIG-PA,,,,,
AIH,,,,,
AIHS,,,,,
AIKI,,,,,
AIM,,,,,
AIMAW,,,,,
AIMBU,,,,,
AIMC,,,,,
AIMD,,,,,
AIMDW,,,,,
AIN,,,,,
AINC,,,,,
AIO,,,,,
AIP,,,,,
AIR,,,,,
AIRC,,,,,
AIRG,,,,,
AIRI,,,,,
AIRS,,,,,
AIRT,,,,,
AIRTP,,,,,
AIT,,,,,
AIU,,,,,
AIV,,,,,
AIZ,,,,,
AIZN,,,,,
AJG,,,,,
AJRD,,,,,
AJX,,,,,
AJXA,,,,,
AKA,,,,,
AKAM,,,,,
AKAN,,,,,
AKBA,,,,,
AKIC,,,,,
AKICU,,,,,
AKICW,,,,,
AKLI,,,,,
AKR,,,,,
AKRO,,,,,
AKTS,,,,,
AKTX,,,,,
AKU,,,,,
AKYA,,,,,
AL,,,,,
AL-PA,,,,,
ALB,,,,,
ALBO,,,,,
ALBT,,,,,
ALC,,,,,
ALCC,,,,,
ALCO,,,,,
ALDX,,,,,
ALE,,,,,
ALEC,,,,,
ALEX,,,,,
ALG,,,,,
ALGM,,,,,
ALGN,,,,,
ALGS,,,,,
ALGT,,,,,
ALHC,,,,,
ALIM,,,,,
ALIT,,,,,
ALK,,,,,
ALKS,,,,,
ALKT,,,,,
ALL,,,,,
ALL-PB,,,,,
ALL-PG,,,,,
ALL-PH,,,,,
ALL-PI,,,,,
ALLE,,,,,
ALLG,,,,,
ALLK,,,,,
ALLO,,,,,
ALLR,,,,,
ALLT,,,,,
ALLY,,,,,
ALNY,,,,,
ALOR,,,,,
ALORW,,,,,
ALOT,,,,,
ALPA,,,,,
ALPN,,,,,
ALPP,,,,,
ALPS,,,,,
ALR,,,,,
ALRM,,,,,
ALRN,,,,,
ALRS,,,,,
ALSA,,,,,
ALSAR,,,,,
ALSAU,,,,,
ALSAW,,,,,
ALSN,,,,,
ALT,,,,,
ALTG,,,,,
ALTG-PA,,,,,
ALTO,,,,,
ALTR,,,,,
ALTU,,,,,
ALTUU,,,,,
ALTUW,,,,,
ALV,,,,,
ALVO,,,,,
ALVOW,,,,,
ALVR,,,,,
ALX,,,,,
ALXO,,,,,
ALYA,,,,,
ALZN,,,,,
AM,,,,,
AMAL,,,,,
AMAM,,,,,
AMAO,,,,,
AMAOW,,,,,
AMAT,,,,,
AMBA,,,,,
AMBC,,,,,
AMBO,,,,,
AMBP,,,,,
AMC,,,,,
AMCI,,,,,
AMCIW,,,,,
AMCR,,,,,
AMCX,,,,,
AMD,,,,,
AME,,,,,
AMED,,,,,
AMEH,,,,,
AMG,,,,,
AMGN,,,,,
AMH,,,,,
AMH-PG,,,,,
AMH-PH,,,,,
AMK,,,,,
AMKR,,,,,
AMLX,,,,,
AMN,,,,,
AMNB,,,,,
AMOT,,,,,
AMOV,,,,,
AMP,,,,,
AMPE,,,,,
AMPG,,,,,
AMPGW,,,,,
AMPH,,,,,
AMPI,,,,,
AMPL,,,,,
AMPS,,,,,
AMPX,,,,,
AMPY,,,,,
AMR,,,,,
AMRC,,,,,
AMRK,,,,,
AMRN,,,,,
AMRS,,,,,
AMRX,,,,,
AMS,,,,,
AMSC,,,,,
AMSF,,,,,
AMST,,,,,
AMSWA,,,,,
AMT,,,,,
AMTB,,,,,
AMTD,,,,,
AMTI,,,,,
AMTX,,,,,
AMV,,,,,
AMWD,,,,,
AMWL,,,,,
AMX,,,,,
AMYT,,,,,
AMZN,,,,,
AN,,,,,
ANAB,,,,,
ANAC,,,,,
ANDE,,,,,
ANEB,,,,,
ANET,,,,,
ANF,,,,,
ANGH,,,,,
ANGHW,,,,,
ANGI,,,,,
ANGN,,,,,
ANGO,,,,,
ANIK,,,,,
ANIP,,,,,
ANIX,,,,,
ANNX,,,,,
ANPC,,,,,
ANSS,,,,,
ANTE,,,,,
ANTX,,,,,
ANVS,,,,,
ANY,,,,,
ANZU,,,,,
ANZUU,,,,,
ANZUW,,,,,
AOD,,,,,
AOGO,,,,,
AOMR,,,,,
AON,,,,,
AORT,,,,,
AOS,,,,,
AOSL,,,,,
AOUT,,,,,
AP,,,,,
APA,,,,,
APAC,,,,,
APACU,,,,,
APACW,,,,,
APAM,,,,,
APCA,,,,,
APCX,,,,,
APCXW,,,,,
APD,,,,,
APDN,,,,,
APE,,,,,
APEI,,,,,
APEN,,,,,
APG,,,,,
APGB,,,,,
APGN,,,,,
APGNW,,,,,
APH,,,,,
API,,,,,
APLD,,,,,
APLE,,,,,
APLS,,,,,
APLT,,,,,
APM,,,,,
APMI,,,,,
APMIU,,,,,
APMIW,,,,,
APN,,,,,
APO,,,,,
APOG,,,,,
APP,,,,,
APPF,,,,,
APPH,,,,,
APPHW,,,,,
APPN,,,,,
APPS,,,,,
APRE,,,,,
APRN,,,,,
APT,,,,,
APTM,,,,,
APTMU,,,,,
APTMW,,,,,
APTO,,,,,
APTV,,,,,
APTV-PA,,,,,
APTX,,,,,
APVO,,,,,
APWC,,,,,
APXI,,,,,
APXIU,,,,,
APYX,,,,,
AQB,,,,,
AQMS,,,,,
AQN,,,,,
AQNA,,,,,
AQNB,,,,,
AQNU,,,,,
AQST,,,,,
AQU,,,,,
AQUA,,,,,
AQUNR,,,,,
AR,,,,,
ARAV,,,,,
ARAY,,,,,
ARBE,,,,,
ARBEW,,,,,
ARBG,,,,,
ARBGU,,,,,
ARBK,,,,,
ARBKL,,,,,
ARC,,,,,
ARCB,,,,,
ARCC,,,,,
ARCE,,,,,
ARCH,,,,,
ARCK,,,,,
ARCKU,,,,,
ARCKW,,,,,
ARCO,,,,,
ARCT,,,,,
ARDC,,,,,
ARDS,,,,,
ARDX,,,,,
ARE,,,,,
AREB,,,,,
AREBW,,,,,
AREC,,,,,
AREN,,,,,
ARES,,,,,
ARGD,,,,,
ARGO,,,,,
ARGO-PA,,,,,
ARGU,,,,,
ARGUU,,,,,
ARGUW,,,,,
ARGX,,,,,
ARHS,,,,,
ARI,,,,,
ARIS,,,,,
ARIZW,,,,,
ARKO,,,,,
ARKOW,,,,,
ARKR,,,,,
ARL,,,,,
ARLO,,,,,
ARLP,,,,,
ARMK,,,,,
ARMP,,,,,
ARNC,,,,,
AROC,,,,,
AROW,,,,,
ARQQ,,,,,
ARQQW,,,,,
ARQT,,,,,
ARR,,,,,
ARR-PC,,,,,
ARRW,,,,,
ARRWU,,,,,
ARRWW,,,,,
ARRY,,,,,
ARTE,,,,,
ARTEW,,,,,
ARTL,,,,,
ARTLW,,,,,
ARTNA,,,,,
ARTW,,,,,
ARVL,,,,,
ARVN,,,,,
ARW,,,,,
ARWR,,,,,
ARYD,,,,,
ARYE,,,,,
ASA,,,,,
ASAI,,,,,
ASAN,,,,,
ASAP,,,,,
ASAX,,,,,
ASAXW,,,,,
ASB,,,,,
ASB-PE,,,,,
ASB-PF,,,,,
ASC,,,,,
ASCA,,,,,
ASCAW,,,,,
ASCB,,,,,
ASCBR,,,,,
ASG,,,,,
ASGI,,,,,
ASGN,,,,,
ASH,,,,,
ASIX,,,,,
ASLE,,,,,
ASLN,,,,,
ASM,,,,,
ASMB,,,,,
ASML,,,,,
ASND,,,,,
ASNS,,,,,
ASO,,,,,
ASPA,,,,,
ASPI,,,,,
ASPN,,,,,
ASPS,,,,,
ASPU,,,,,
ASR,,,,,
ASRT,,,,,
ASRV,,,,,
ASTC,,,,,
ASTE,,,,,
ASTI,,,,,
ASTL,,,,,
ASTLW,,,,,
ASTR,,,,,
ASTS,,,,,
ASTSW,,,,,
ASUR,,,,,
ASX,,,,,
ASXC,,,,,
ASYS,,,,,
ATA,,,,,
ATAI,,,,,
ATAK,,,,,
ATAKW,,,,,
ATAQ,,,,,
ATAT,,,,,
ATAX,,,,,
ATCO,,,,,
ATCO-PD,,,,,
ATCO-PH,,,,,
ATCO-PI,,,,,
ATCOL,,,,,
ATCX,,,,,
ATEC,,,,,
ATEK,,,,,
ATEN,,,,,
ATER,,,,,
ATEX,,,,,
ATGE,,,,,
ATH-PA,,,,,
ATH-PB,,,,,
ATH-PC,,,,,
ATH-PD,,,,,
ATHA,,,,,
ATHE,,,,,
ATHM,,,,,
ATHX,,,,,
ATI,,,,,
ATIF,,,,,
ATIP,,,,,
ATKR,,,,,
ATLC,,,,,
ATLCL,,,,,
ATLCP,,,,,
ATLO,,,,,
ATNF,,,,,
ATNFW,,,,,
ATNI,,,,,
ATNM,,,,,
ATNX,,,,,
ATO,,,,,
ATOM,,,,,
ATOS,,,,,
ATR,,,,,
ATRA,,,,,
ATRC,,,,,
ATRI,,,,,
ATRO,,,,,
ATSG,,,,,
ATTO,,,,,
ATUS,,,,,
ATVI,,,,,
ATXG,,,,,
ATXI,,,,,
ATXS,,,,,
ATY,,,,,
AU,,,,,
AUB,,,,,
AUBAP,,,,,
AUBN,,,,,
AUD,,,,,
AUDC,,,,,
AUGX,,,,,
AUID,,,,,
AUMN,,,,,
AUPH,,,,,
AUR,,,,,
AURA,,,,,
AURC,,,,,
AUROW,,,,,
AUST,,,,,
AUTL,,,,,
AUUD,,,,,
AUUDW,,,,,
AUVI,,,,,
AUVIP,,,,,
AUY,,,,,
AVA,,,,,
AVAC,,,,,
AVAH,,,,,
AVAL,,,,,
AVAV,,,,,
AVB,,,,,
AVCT,,,,,
AVCTW,,,,,
AVD,,,,,
AVDL,,,,,
AVDX,,,,,
AVEO,,,,,
AVGO,,,,,
AVGR,,,,,
AVHI,,,,,
AVID,,,,,
AVIR,,,,,
AVK,,,,,
AVNS,,,,,
AVNT,,,,,
AVNW,,,,,
AVO,,,,,
AVPT,,,,,
AVPTW,,,,,
AVRO,,,,,
AVT,,,,,
AVTE,,,,,
AVTR,,,,,
AVTX,,,,,
AVXL,,,,,
AVY,,,,,
AVYA,,,,,
AWF,,,,,
AWH,,,,,
AWI,,,,,
AWK,,,,,
AWP,,,,,
AWR,,,,,
AWRE,,,,,
AWX,,,,,
AX,,,,,
AXAC,,,,,
AXDX,,,,,
AXGN,,,,,
AXL,,,,,
AXLA,,,,,
AXNX,,,,,
AXON,,,,,
AXP,,,,,
AXR,,,,,
AXS,,,,,
AXS-PE,,,,,
AXSM,,,,,
AXTA,,,,,
AXTI,,,,,
AY,,,,,
AYI,,,,,
AYLA,,,,,
AYRO,,,,,
AYTU,,,,,
AYX,,,,,
AZ,,,,,
AZEK,,,,,
AZN,,,,,
AZO,,,,,
AZPN,,,,,
AZRE,,,,,
AZTA,,,,,
AZUL,,,,,
AZYO,,,,,
AZZ,,,,,
B,,,,,
BA,,,,,
BABA,,,,,
BAC,,,,,
BAC-PB,,,,,
BAC-PE,,,,,
BAC-PK,,,,,
BAC-PL,,,,,
BAC-PM,,,,,
BAC-PN,,,,,
BAC-PO,,,,,
BAC-PP,,,,,
BAC-PQ,,,,,
BAC-PS,,,,,
BACA,,,,,
BACK,,,,,
BAFN,,,,,
BAH,,,,,
BAK,,,,,
BALL,,,,,
BALY,,,,,
BAM,,,,,
BAMH,,,,,
BAMI,,,,,
BAMR,,,,,
BANC,,,,,
BAND,,,,,
BANF,,,,,
BANFP,,,,,
BANR,,,,,
BANX,,,,,
BAOS,,,,,
BAP,,,,,
BARK,,,,,
BASE,,,,,
BATL,,,,,
BATRA,,,,,
BATRK,,,,,
BAX,,,,,
BB,,,,,
BBAI,,,,,
BBAR,,,,,
BBBY,,,,,
BBCP,,,,,
BBD,,,,,
BBDC,,,,,
BBDO,,,,,
BBGI,,,,,
BBIG,,,,,
BBIO,,,,,
BBLG,,,,,
BBLN,,,,,
BBN,,,,,
BBSI,,,,,
BBU,,,,,
BBUC,,,,,
BBVA,,,,,
BBW,,,,,
BBWI,,,,,
BBY,,,,,
BC,,,,,
BC-PA,,,,,
BC-PB,,,,,
BC-PC,,,,,
BCAB,,,,,
BCAN,,,,,
BCAT,,,,,
BCBP,,,,,
BCC,,,,,
BCDA,,,,,
BCDAW,,,,,
BCE,,,,,
BCEL,,,,,
BCH,,,,,
BCLI,,,,,
BCML,,,,,
BCO,,,,,
BCOR,,,,,
BCOV,,,,,
BCOW,,,,,
BCPC,,,,,
BCRX,,,,,
BCS,,,,,
BCSA,,,,,
BCSAU,,,,,
BCSAW,,,,,
BCSF,,,,,
BCTX,,,,,
BCTXW,,,,,
BCV,,,,,
BCV-PA,,,,,
BCX,,,,,
BCYC,,,,,
BDC,,,,,
BDJ,,,,,
BDL,,,,,
BDN,,,,,
BDSX,,,,,
BDTX,,,,,
BDX,,,,,
BDXB,,,,,
BE,,,,,
BEAM,,,,,
BEAT,,,,,
BEATW,,,,,
BECN,,,,,
BEDU,,,,,
BEEM,,,,,
BEEMW,,,,,
BEKE,,,,,
BELFA,,,,,
BELFB,,,,,
BEN,,,,,
BEP,,,,,
BEP-PA,,,,,
BEPC,,,,,
BEPH,,,,,
BEPI,,,,,
BERY,,,,,
BEST,,,,,
BF-A,,,,,
BF-B,,,,,
BFAC,,,,,
BFAM,,,,,
BFC,,,,,
BFH,,,,,
BFI,,,,,
BFIIW,,,,,
BFIN,,,,,
BFK,,,,,
BFLY,,,,,
BFRI,,,,,
BFRIW,,,,,
BFS,,,,,
BFS-PD,,,,,
BFS-PE,,,,,
BFST,,,,,
BFZ,,,,,
BG,,,,,
BGB,,,,,
BGCP,,,,,
BGFV,,,,,
BGH,,,,,
BGI,,,,,
BGNE,,,,,
BGR,,,,,
BGRY,,,,,
BGRYW,,,,,
BGS,,,,,
BGSF,,,,,
BGSX,,,,,
BGT,,,,,
BGX,,,,,
BGXX,,,,,
BGY,,,,,
BH,,,,,
BHAC,,,,,
BHAT,,,,,
BHB,,,,,
BHC,,,,,
BHE,,,,,
BHF,,,,,
BHFAL,,,,,
BHFAM,,,,,
BHFAN,,,,,
BHFAO,,,,,
BHFAP,,,,,
BHG,,,,,
BHIL,,,,,
BHK,,,,,
BHLB,,,,,
BHM,,,,,
BHP,,,,,
BHR,,,,,
BHR-PB,,,,,
BHR-PD,,,,,
BHV,,,,,
BHVN,,,,,
BIAF,,,,,
BIAFW,,,,,
BIDU,,,,,
BIG,,,,,
BIGC,,,,,
BIGZ,,,,,
BIIB,,,,,
BILI,,,,,
BILL,,,,,
BIMI,,,,,
BIO,,,,,
BIO-B,,,,,
BIOC,,,,,
BIOL,,,,,
BIOR,,,,,
BIOS,,,,,
BIOSW,,,,,
BIOT,,,,,
BIOTW,,,,,
BIOX,,,,,
BIP,,,,,
BIP-PA,,,,,
BIP-PB,,,,,
BIPC,,,,,
BIPH,,,,,
BIPI,,,,,
BIRD,,,,,
BIT,,,,,
BITE,,,,,
BITF,,,,,
BIVI,,,,,
BJ,,,,,
BJDX,,,,,
BJRI,,,,,
BK,,,,,
BKCC,,,,,
BKD,,,,,
BKDT,,,,,
BKE,,,,,
BKH,,,,,
BKI,,,,,
BKKT,,,,,
BKN,,,,,
BKNG,,,,,
BKR,,,,,
BKSC,,,,,
BKSY,,,,,
BKT,,,,,
BKTI,,,,,
BKU,,,,,
BKYI,,,,,
BL,,,,,
BLBD,,,,,
BLBX,,,,,
BLCM,,,,,
BLCO,,,,,
BLD,,,,,
BLDE,,,,,
BLDEW,,,,,
BLDP,,,,,
BLDR,,,,,
BLE,,,,,
BLEU,,,,,
BLEUW,,,,,
BLFS,,,,,
BLFY,,,,,
BLI,,,,,
BLIN,,,,,
BLK,,,,,
BLKB,,,,,
BLMN,,,,,
BLND,,,,,
BLNG,,,,,
BLNGU,,,,,
BLNGW,,,,,
BLNK,,,,,
BLNKW,,,,,
BLPH,,,,,
BLRX,,,,,
BLTE,,,,,
BLTS,,,,,
BLTSU,,,,,
BLTSW,,,,,
BLU,,,,,
BLUA,,,,,
BLUE,,,,,
BLW,,,,,
BLX,,,,,
BLZE,,,,,
BMA,,,,,
BMAC,,,,,
BMAQ,,,,,
BMAQR,,,,,
BMAQW,,,,,
BMBL,,,,,
BME,,,,,
BMEA,,,,,
BMEZ,,,,,
BMI,,,,,
BML-PG,,,,,
BML-PH,,,,,
BML-PJ,,,,,
BML-PL,,,,,
BMN,,,,,
BMO,,,,,
BMRA,,,,,
BMRC,,,,,
BMRN,,,,,
BMTX,,,,,
BMY,,,,,
BNED,,,,,
BNFT,,,,,
BNGO,,,,,
BNGOW,,,,,
BNIX,,,,,
BNIXR,,,,,
BNIXW,,,,,
BNL,,,,,
BNNR,,,,,
BNOX,,,,,
BNR,,,,,
BNRG,,,,,
BNS,,,,,
BNSO,,,,,
BNTC,,,,,
BNTX,,,,,
BNY,,,,,
BOAC,,,,,
BOC,,,,,
BOCN,,,,,
BODY,,,,,
BOE,,,,,
BOH,,,,,
BOH-PA,,,,,
BOKF,,,,,
BOLT,,,,,
BON,,,,,
BOOM,,,,,
BOOT,,,,,
BORR,,,,,
BOSC,,,,,
BOTJ,,,,,
BOWL,,,,,
BOX,,,,,
BOXD,,,,,
BOXL,,,,,
BP,,,,,
BPAC,,,,,
BPACW,,,,,
BPMC,,,,,
BPOP,,,,,
BPOPM,,,,,
BPRN,,,,,
BPT,,,,,
BPTH,,,,,
BPTS,,,,,
BPYPM,,,,,
BPYPN,,,,,
BPYPO,,,,,
BPYPP,,,,,
BQ,,,,,
BR,,,,,
BRAC,,,,,
BRAG,,,,,
BRBR,,,,,
BRBS,,,,,
BRC,,,,,
BRCC,,,,,
BRD,,,,,
BRDG,,,,,
BRDS,,,,,
BREZ,,,,,
BREZR,,,,,
BREZW,,,,,
BRFH,,,,,
BRFS,,,,,
BRID,,,,,
BRIV,,,,,
BRIVU,,,,,
BRIVW,,,,,
BRK-A,,,,,
BRK-B,,,,,
BRKH,,,,,
BRKL,,,,,
BRKR,,,,,
BRLI,,,,,
BRLIR,,,,,
BRLIW,,,,,
BRLT,,,,,
BRMK,,,,,
BRN,,,,,
BRO,,,,,
BROG,,,,,
BROS,,,,,
BRP,,,,,
BRQS,,,,,
BRSH,,,,,
BRSHW,,,,,
BRSP,,,,,
BRT,,,,,
BRTX,,,,,
BRW,,,,,
BRX,,,,,
BRY,,,,,
BRZE,,,,,
BSAC,,,,,
BSAQ,,,,,
BSBK,,,,,
BSBR,,,,,
BSET,,,,,
BSFC,,,,,
BSGA,,,,,
BSGAR,,,,,
BSGAU,,,,,
BSGM,,,,,
BSIG,,,,,
BSKY,,,,,
BSKYU,,,,,
BSKYW,,,,,
BSL,,,,,
BSM,,,,,
BSMX,,,,,
BSQR,,,,,
BSRR,,,,,
BST,,,,,
BSTZ,,,,,
BSVN,,,,,
BSX,,,,,
BSX-PA,,,,,
BSY,,,,,
BTA,,,,,
BTAI,,,,,
BTB,,,,,
BTBD,,,,,
BTBDW,,,,,
BTBT,,,,,
BTCM,,,,,
BTCS,,,,,
BTCY,,,,,
BTG,,,,,
BTI,,,,,
BTMD,,,,,
BTMDW,,,,,
BTN,,,,,
BTO,,,,,
BTOG,,,,,
BTRS,,,,,
BTT,,,,,
BTTR,,,,,
BTTX,,,,,
BTU,,,,,
BTWN,,,,,
BTWNU,,,,,
BTWNW,,,,,
BTZ,,,,,
BUD,,,,,
BUI,,,,,
BUR,,,,,
BURL,,,,,
BUSE,,,,,
BV,,,,,
BVH,,,,,
BVN,,,,,
BVS,,,,,
BVXV,,,,,
BW,,,,,
BW-PA,,,,,
BWA,,,,,
BWAC,,,,,
BWACW,,,,,
BWAQ,,,,,
BWAY,,,,,
BWB,,,,,
BWBBP,,,,,
BWC,,,,,
BWCAU,,,,,
BWCAW,,,,,
BWEN,,,,,
BWFG,,,,,
BWG,,,,,
BWMN,,,,,
BWMX,,,,,
BWNB,,,,,
BWSN,,,,,
BWV,,,,,
BWXT,,,,,
BX,,,,,
BXC,,,,,
BXMT,,,,,
BXMX,,,,,
BXP,,,,,
BXRX,,,,,
BXSL,,,,,
BY,,,,,
BYD,,,,,
BYFC,,,,,
BYM,,,,,
BYN,,,,,
BYND,,,,,
BYNO,,,,,
BYNOW,,,,,
BYRN,,,,,
BYSI,,,,,
BYTS,,,,,
BYTSU,,,,,
BYTSW,,,,,
BZ,,,,,
BZFD,,,,,
BZFDW,,,,,
BZH,,,,,
BZUN,,,,,
C,,,,,
C-PJ,,,,,
C-PK,,,,,
C-PN,,,,,
CAAP,,,,,
CAAS,,,,,
CABA,,,,,
CABO,,,,,
CAC,,,,,
CACC,,,,,
CACI,,,,,
CADE,,,,,
CADE-PA,,,,,
CADL,,,,,
CAE,,,,,
CAF,,,,,
CAG,,,,,
CAH,,,,,
CAJ,,,,,
CAKE,,,,,
CAL,,,,,
CALA,,,,,
CALB,,,,,
CALM,,,,,
CALT,,,,,
CALX,,,,,
CAMP,,,,,
CAMT,,,,,
CAN,,,,,
CANB,,,,,
CANF,,,,,
CANG,,,,,
CANO,,,,,
CAPL,,,,,
CAPR,,,,,
CAR,,,,,
CARA,,,,,
CARE,,,,,
CARG,,,,,
CARR,,,,,
CARS,,,,,
CARV,,,,,
CASA,,,,,
CASH,,,,,
CASI,,,,,
CASS,,,,,
CASY,,,,,
CAT,,,,,
CATC,,,,,
CATO,,,,,
CATY,,,,,
CB,,,,,
CBAN,,,,,
CBAT,,,,,
CBAY,,,,,
CBD,,,,,
CBFV,,,,,
CBH,,,,,
CBIO,,,,,
CBL,,,,,
CBNK,,,,,
CBOE,,,,,
CBRE,,,,,
CBRG,,,,,
CBRGU,,,,,
CBRL,,,,,
CBSH,,,,,
CBT,,,,,
CBU,,,,,
CBZ,,,,,
CC,,,,,
CCAI,,,,,
CCAIW,,,,,
CCAP,,,,,
CCB,,,,,
CCBG,,,,,
CCCC,,,,,
CCCS,,,,,
CCD,,,,,
CCEL,,,,,
CCEP,,,,,
CCF,,,,,
CCI,,,,,
CCJ,,,,,
CCK,,,,,
CCL,,,,,
CCLP,,,,,
CCM,,,,,
CCNC,,,,,
CCNE,,,,,
CCNEP,,,,,
CCO,,,,,
CCOI,,,,,
CCRD,,,,,
CCRN,,,,,
CCS,,,,,
CCSI,,,,,
CCTS,,,,,
CCTSU,,,,,
CCTSW,,,,,
CCU,,,,,
CCV,,,,,
CCVI,,,,,
CCZ,,,,,
CD,,,,,
CDAK,,,,,
CDAQ,,,,,
CDAQU,,,,,
CDAY,,,,,
CDE,,,,,
CDIO,,,,,
CDIOW,,,,,
CDLX,,,,,
CDMO,,,,,
CDNA,,,,,
CDNS,,,,,
CDR-PB,,,,,
CDR-PC,,,,,
CDRE,,,,,
CDRO,,,,,
CDROW,,,,,
CDTX,,,,,
CDW,,,,,
CDXC,,,,,
CDXS,,,,,
CDZI,,,,,
CDZIP,,,,,
CE,,,,,
CEA,,,,,
CEAD,,,,,
CEADW,,,,,
CECO,,,,,
CEE,,,,,
CEG,,,,,
CEI,,,,,
CEIX,,,,,
CELC,,,,,
CELH,,,,,
CELU,,,,,
CELUW,,,,,
CELZ,,,,,
CEM,,,,,
CEMI,,,,,
CEN,,,,,
CENN,,,,,
CENQ,,,,,
CENQW,,,,,
CENT,,,,,
CENTA,,,,,
CENX,,,,,
CEPU,,,,,
CEQP,,,,,
CEQP-P,,,,,
CERE,,,,,
CERS,,,,,
CERT,,,,,
CET,,,,,
CETX,,,,,
CETXP,,,,,
CEV,,,,,
CEVA,,,,,
CF,,,,,
CFB,,,,,
CFBK,,,,,
CFFE,,,,,
CFFEU,,,,,
CFFI,,,,,
CFFN,,,,,
CFFS,,,,,
CFG,,,,,
CFG-PD,,,,,
CFG-PE,,,,,
CFIV,,,,,
CFIVU,,,,,
CFIVW,,,,,
CFLT,,,,,
CFMS,,,,,
CFR,,,,,
CFR-PB,,,,,
CFRX,,,,,
CFSB,,,,,
CG,,,,,
CGA,,,,,
CGABL,,,,,
CGAU,,,,,
CGBD,,,,,
CGC,,,,,
CGEM,,,,,
CGEN,,,,,
CGNT,,,,,
CGNX,,,,,
CGO,,,,,
CGRN,,,,,
CGTX,,,,,
CHAA,,,,,
CHCI,,,,,
CHCO,,,,,
CHCT,,,,,
CHD,,,,,
CHDN,,,,,
CHE,,,,,
CHEA,,,,,
CHEAU,,,,,
CHEAW,,,,,
CHEF,,,,,
CHEK,,,,,
CHEKZ,,,,,
CHGG,,,,,
CHH,,,,,
CHI,,,,,
CHK,,,,,
CHKEL,,,,,
CHKEW,,,,,
CHKEZ,,,,,
CHKP,,,,,
CHMG,,,,,
CHMI,,,,,
CHMI-PA,,,,,
CHMI-PB,,,,,
CHN,,,,,
CHNR,,,,,
CHPT,,,,,
CHRA,,,,,
CHRB,,,,,
CHRD,,,,,
CHRS,,,,,
CHRW,,,,,
CHS,,,,,
CHSCL,,,,,
CHSCM,,,,,
CHSCN,,,,,
CHSCO,,,,,
CHSCP,,,,,
CHT,,,,,
CHTR,,,,,
CHUY,,,,,
CHW,,,,,
CHWY,,,,,
CHX,,,,,
CHY,,,,,
CI,,,,,
CIA,,,,,
CIB,,,,,
CIDM,,,,,
CIEN,,,,,
CIF,,,,,
CIFR,,,,,
CIFRW,,,,,
CIG,,,,,
CIGI,,,,,
CIH,,,,,
CII,,,,,
CIIG,,,,,
CIIGU,,,,,
CIK,,,,,
CIM,,,,,
CIM-PA,,,,,
CIM-PB,,,,,
CIM-PC,,,,,
CIM-PD,,,,,
CINC,,,,,
CINF,,,,,
CING,,,,,
CINGW,,,,,
CINT,,,,,
CIO,,,,,
CIO-PA,,,,,
CION,,,,,
CIR,,,,,
CISO,,,,,
CITE,,,,,
CIVB,,,,,
CIVI,,,,,
CIX,,,,,
CIXX,,,,,
CIZN,,,,,
CJJD,,,,,
CKPT,,,,,
CKX,,,,,
CL,,,,,
CLAA,,,,,
CLAR,,,,,
CLAS,,,,,
CLAY,,,,,
CLAYW,,,,,
CLB,,,,,
CLBK,,,,,
CLBR,,,,,
CLBT,,,,,
CLBTW,,,,,
CLDT,,,,,
CLDT-PA,,,,,
CLDX,,,,,
CLEU,,,,,
CLF,,,,,
CLFD,,,,,
CLGN,,,,,
CLH,,,,,
CLIM,,,,,
CLIN,,,,,
CLINR,,,,,
CLINU,,,,,
CLINW,,,,,
CLIR,,,,,
CLLS,,,,,
CLM,,,,,
CLMB,,,,,
CLMT,,,,,
CLNE,,,,,
CLNN,,,,,
CLNNW,,,,,
CLOE,,,,,
CLOER,,,,,
CLOEU,,,,,
CLOV,,,,,
CLPR,,,,,
CLPS,,,,,
CLPT,,,,,
CLRB,,,,,
CLRCR,,,,,
CLRCU,,,,,
CLRCW,,,,,
CLRM,,,,,
CLRMU,,,,,
CLRMW,,,,,
CLRO,,,,,
CLS,,,,,
CLSD,,,,,
CLSK,,,,,
CLST,,,,,
CLVR,,,,,
CLVRW,,,,,
CLVS,,,,,
CLVT,,,,,
CLVT-PA,,,,,
CLW,,,,,
CLWT,,,,,
CLX,,,,,
CLXT,,,,,
CM,,,,,
CMA,,,,,
CMAX,,,,,
CMAXW,,,,,
CMBM,,,,,
CMC,,,,,
CMCA,,,,,
CMCAW,,,,,
CMCL,,,,,
CMCM,,,,,
CMCO,,,,,
CMCSA,,,,,
CMCT,,,,,
CMCTP,,,,,
CME,,,,,
CMG,,,,,
CMI,,,,,
CMLS,,,,,
CMMB,,,,,
CMND,,,,,
CMP,,,,,
CMPO,,,,,
CMPOW,,,,,
CMPR,,,,,
CMPS,,,,,
CMPX,,,,,
CMRA,,,,,
CMRAW,,,,,
CMRE,,,,,
CMRE-PB,,,,,
CMRE-PC,,,,,
CMRE-PD,,,,,
CMRE-PE,,,,,
CMRX,,,,,
CMS,,,,,
CMS-PB,,,,,
CMS-PC,,,,,
CMSA,,,,,
CMSC,,,,,
CMSD,,,,,
CMT,,,,,
CMTG,,,,,
CMTL,,,,,
CMU,,,,,
CNA,,,,,
CNC,,,,,
CNCE,,,,,
CND,,,,,
CNDA,,,,,
CNDB,,,,,
CNDT,,,,,
CNET,,,,,
CNEY,,,,,
CNF,,,,,
CNFR,,,,,
CNFRL,,,,,
CNGL,,,,,
CNGLW,,,,,
CNHI,,,,,
CNI,,,,,
CNK,,,,,
CNM,,,,,
CNMD,,,,,
CNNB,,,,,
CNNE,,,,,
CNO,,,,,
CNO-PA,,,,,
CNOB,,,,,
CNOBP,,,,,
CNP,,,,,
CNQ,,,,,
CNS,,,,,
CNSL,,,,,
CNSP,,,,,
CNTA,,,,,
CNTB,,,,,
CNTG,,,,,
CNTX,,,,,
CNTY,,,,,
CNX,,,,,
CNXA,,,,,
CNXC,,,,,
CNXN,,,,,
COCO,,,,,
COCP,,,,,
CODA,,,,,
CODI,,,,,
CODI-PA,,,,,
CODI-PB,,,,,
CODI-PC,,,,,
CODX,,,,,
COE,,,,,
COEP,,,,,
COEPW,,,,,
COF,,,,,
COF-PI,,,,,
COF-PJ,,,,,
COF-PK,,,,,
COF-PL,,,,,
COF-PN,,,,,
COFS,,,,,
COGT,,,,,
COHN,,,,,
COHR,,,,,
COHU,,,,,
COIN,,,,,
COKE,,,,,
COLB,,,,,
COLD,,,,,
COLI,,,,,
COLIU,,,,,
COLIW,,,,,
COLL,,,,,
COLM,,,,,
COMM,,,,,
COMP,,,,,
COMS,,,,,
COMSP,,,,,
COMSW,,,,,
CONN,,,,,
CONX,,,,,
CONXU,,,,,
CONXW,,,,,
COO,,,,,
COOK,,,,,
COOL,,,,,
COOLU,,,,,
COOLW,,,,,
COOP,,,,,
COP,,,,,
CORR,,,,,
CORR-PA,,,,,
CORS,,,,,
CORT,,,,,
CORZ,,,,,
CORZW,,,,,
COSM,,,,,
COST,,,,,
COTY,,,,,
COUP,,,,,
COUR,,,,,
COVA,,,,,
COVAU,,,,,
COVAW,,,,,
COWN,,,,,
COWNL,,,,,
CP,,,,,
CPA,,,,,
CPAA,,,,,
CPAAW,,,,,
CPAC,,,,,
CPAQ,,,,,
CPAQU,,,,,
CPAQW,,,,,
CPAR,,,,,
CPARW,,,,,
CPB,,,,,
CPE,,,,,
CPF,,,,,
CPG,,,,,
CPHC,,,,,
CPHI,,,,,
CPIX,,,,,
CPK,,,,,
CPLP,,,,,
CPNG,,,,,
CPOP,,,,,
CPRI,,,,,
CPRT,,,,,
CPRX,,,,,
CPS,,,,,
CPSH,,,,,
CPSI,,,,,
CPSS,,,,,
CPT,,,,,
CPTK,,,,,
CPTN,,,,,
CPTNW,,,,,
CPUH,,,,,
CPZ,,,,,
CQP,,,,,
CR,,,,,
CRAI,,,,,
CRBG,,,,,
CRBP,,,,,
CRBU,,,,,
CRC,,,,,
CRCT,,,,,
CRD-A,,,,,
CRD-B,,,,,
CRDF,,,,,
CRDL,,,,,
CRDO,,,,,
CREC,,,,,
CREG,,,,,
CRESW,,,,,
CRESY,,,,,
CREX,,,,,
CREXW,,,,,
CRF,,,,,
CRGE,,,,,
CRGY,,,,,
CRH,,,,,
CRI,,,,,
CRIS,,,,,
CRK,,,,,
CRKN,,,,,
CRL,,,,,
CRM,,,,,
CRMD,,,,,
CRMT,,,,,
CRNC,,,,,
CRNT,,,,,
CRNX,,,,,
CRON,,,,,
CROX,,,,,
CRS,,,,,
CRSP,,,,,
CRSR,,,,,
CRT,,,,,
CRTO,,,,,
CRUS,,,,,
CRVL,,,,,
CRVS,,,,,
CRWD,,,,,
CRWS,,,,,
CRZN,,,,,
CRZNW,,,,,
CS,,,,,
CSAN,,,,,
CSBR,,,,,
CSCO,,,,,
CSGP,,,,,
CSGS,,,,,
CSII,,,,,
CSIQ,,,,,
CSL,,,,,
CSLM,,,,,
CSLMR,,,,,
CSLMW,,,,,
CSPI,,,,,
CSQ,,,,,
CSR,,,,,
CSR-PC,,,,,
CSSE,,,,,
CSSEL,,,,,
CSSEN,,,,,
CSSEP,,,,,
CSTA,,,,,
CSTE,,,,,
CSTL,,,,,
CSTM,,,,,
CSTR,,,,,
CSV,,,,,
CSWC,,,,,
CSWI,,,,,
CSX,,,,,
CTA-PA,,,,,
CTA-PB,,,,,
CTAQ,,,,,
CTAQU,,,,,
CTAQW,,,,,
CTAS,,,,,
CTBB,,,,,
CTBI,,,,,
CTDD,,,,,
CTG,,,,,
CTGO,,,,,
CTHR,,,,,
CTIB,,,,,
CTIC,,,,,
CTKB,,,,,
CTLP,,,,,
CTLT,,,,,
CTM,,,,,
CTMX,,,,,
CTO,,,,,
CTO-PA,,,,,
CTOS,,,,,
CTR,,,,,
CTRA,,,,,
CTRE,,,,,
CTRM,,,,,
CTRN,,,,,
CTS,,,,,
CTSH,,,,,
CTSO,,,,,
CTV,,,,,
CTVA,,,,,
CTXR,,,,,
CUBA,,,,,
CUBB,,,,,
CUBE,,,,,
CUBI,,,,,
CUBI-PE,,,,,
CUBI-PF,,,,,
CUE,,,,,
CUEN,,,,,
CUENW,,,,,
CUK,,,,,
CULL,,,,,
CULP,,,,,
CURI,,,,,
CURIW,,,,,
CURO,,,,,
CURV,,,,,
CUTR,,,,,
CUZ,,,,,
CVAC,,,,,
CVBF,,,,,
CVCO,,,,,
CVCY,,,,,
CVE,,,,,
CVEO,,,,,
CVGI,,,,,
CVGW,,,,,
CVI,,,,,
CVII,,,,,
CVLG,,,,,
CVLT,,,,,
CVLY,,,,,
CVM,,,,,
CVNA,,,,,
CVR,,,,,
CVRX,,,,,
CVS,,,,,
CVT,,,,,
CVU,,,,,
CVV,,,,,
CVX,,,,,
CW,,,,,
CWAN,,,,,
CWBC,,,,,
CWBR,,,,,
CWCO,,,,,
CWEN,,,,,
CWH,,,,,
CWK,,,,,
CWST,,,,,
CWT,,,,,
CX,,,,,
CXAC,,,,,
CXDO,,,,,
CXE,,,,,
CXH,,,,,
CXM,,,,,
CXW,,,,,
CYAD,,,,,
CYAN,,,,,
CYBN,,,,,
CYBR,,,,,
CYCC,,,,,
CYCCP,,,,,
CYCN,,,,,
CYD,,,,,
CYH,,,,,
CYN,,,,,
CYRN,,,,,
CYRX,,,,,
CYT,,,,,
CYTH,,,,,
CYTHW,,,,,
CYTK,,,,,
CYTO,,,,,
CYXT,,,,,
CZFS,,,,,
CZNC,,,,,
CZOO,,,,,
CZR,,,,,
CZWI,,,,,
D,,,,,
DAC,,,,,
DADA,,,,,
DAIO,,,,,
DAKT,,,,,
DAL,,,,,
DALN,,,,,
DALS,,,,,
DAN,,,,,
DAO,,,,,
DAOO,,,,,
DAOOU,,,,,
DAOOW,,,,,
DAR,,,,,
DARE,,,,,
DASH,,,,,
DATS,,,,,
DATSW,,,,,
DAVA,,,,,
DAVE,,,,,
DAVEW,,,,,
DAWN,,,,,
DB,,,,,
DBD,,,,,
DBGI,,,,,
DBGIW,,,,,
DBI,,,,,
DBL,,,,,
DBRG,,,,,
DBRG-PH,,,,,
DBRG-PI,,,,,
DBRG-PJ,,,,,
DBTX,,,,,
DBVT,,,,,
DBX,,,,,
DC,,,,,
DCBO,,,,,
DCF,,,,,
DCFC,,,,,
DCFCW,,,,,
DCGO,,,,,
DCI,,,,,
DCO,,,,,
DCOM,,,,,
DCOMP,,,,,
DCP,,,,,
DCP-PB,,,,,
DCP-PC,,,,,
DCPH,,,,,
DCRD,,,,,
DCRDU,,,,,
DCRDW,,,,,
DCT,,,,,
DCTH,,,,,
DD,,,,,
DDD,,,,,
DDF,,,,,
DDI,,,,,
DDL,,,,,
DDOG,,,,,
DDS,,,,,
DDT,,,,,
DE,,,,,
DEA,,,,,
DECA,,,,,
DECAW,,,,,
DECK,,,,,
DEI,,,,,
DELL,,,,,
DEN,,,,,
DENN,,,,,
DEO,,,,,
DERM,,,,,
DESP,,,,,
DEX,,,,,
DFFN,,,,,
DFH,,,,,
DFIN,,,,,
DFLI,,,,,
DFP,,,,,
DFS,,,,,
DG,,,,,
DGHI,,,,,
DGICA,,,,,
DGICB,,,,,
DGII,,,,,
DGLY,,,,,
DGNU,,,,,
DGX,,,,,
DH,,,,,
DHAC,,,,,
DHACU,,,,,
DHACW,,,,,
DHBC,,,,,
DHBCU,,,,,
DHBCW,,,,,
DHC,,,,,
DHCA,,,,,
DHCAU,,,,,
DHCAW,,,,,
DHCNI,,,,,
DHCNL,,,,,
DHF,,,,,
DHHC,,,,,
DHHCU,,,,,
DHHCW,,,,,
DHI,,,,,
DHIL,,,,,
DHR,,,,,
DHR-PB,,,,,
DHT,,,,,
DHX,,,,,
DHY,,,,,
DIAX,,,,,
DIBS,,,,,
DICE,,,,,
DILA,,,,,
DIN,,,,,
DINO,,,,,
DIOD,,,,,
DIS,,,,,
DISA,,,,,
DISH,,,,,
DIT,,,,,
DJCO,,,,,
DK,,,,,
DKDCA,,,,,
DKDCW,,,,,
DKL,,,,,
DKNG,,,,,
DKS,,,,,
DLA,,,,,
DLB,,,,,
DLCA,,,,,
DLCAU,,,,,
DLCAW,,,,,
DLHC,,,,,
DLNG,,,,,
DLNG-PA,,,,,
DLNG-PB,,,,,
DLO,,,,,
DLPN,,,,,
DLR,,,,,
DLR-PJ,,,,,
DLR-PK,,,,,
DLR-PL,,,,,
DLTH,,,,,
DLTR,,,,,
DLX,,,,,
DLY,,,,,
DM,,,,,
DMA,,,,,
DMAC,,,,,
DMAQR,,,,,
DMB,,,,,
DMF,,,,,
DMLP,,,,,
DMO,,,,,
DMRC,,,,,
DMS,,,,,
DMTK,,,,,
DMYS,,,,,
DNA,,,,,
DNAB,,,,,
DNAD,,,,,
DNAY,,,,,
DNB,,,,,
DNLI,,,,,
DNMR,,,,,
DNN,,,,,
DNOW,,,,,
DNP,,,,,
DNUT,,,,,
DNZ,,,,,
DO,,,,,
DOC,,,,,
DOCN,,,,,
DOCS,,,,,
DOCU,,,,,
DOGZ,,,,,
DOLE,,,,,
DOMA,,,,,
DOMO,,,,,
DOOO,,,,,
DOOR,,,,,
DORM,,,,,
DOUG,,,,,
DOV,,,,,
DOW,,,,,
DOX,,,,,
DOYU,,,,,
DPCS,,,,,
DPCSU,,,,,
DPCSW,,,,,
DPG,,,,,
DPRO,,,,,
DPSI,,,,,
DPZ,,,,,
DQ,,,,,
DRAY,,,,,
DRAYW,,,,,
DRCT,,,,,
DRD,,,,,
DRH,,,,,
DRH-PA,,,,,
DRI,,,,,
DRIO,,,,,
DRMA,,,,,
DRMAW,,,,,
DRQ,,,,,
DRRX,,,,,
DRS,,,,,
DRTS,,,,,
DRTSW,,,,,
DRTT,,,,,
DRUG,,,,,
DRVN,,,,,
DS,,,,,
DS-PB,,,,,
DS-PC,,,,,
DS-PD,,,,,
DSAQ,,,,,
DSEY,,,,,
DSGN,,,,,
DSGR,,,,,
DSGX,,,,,
DSKE,,,,,
DSL,,,,,
DSM,,,,,
DSP,,,,,
DSS,,,,,
DSU,,,,,
DSWL,,,,,
DSX,,,,,
DSX-PB,,,,,
DT,,,,,
DTB,,,,,
DTC,,,,,
DTE,,,,,
DTEA,,,,,
DTF,,,,,
DTG,,,,,
DTIL,,,,,
DTLA-P,,,,,
DTM,,,,,
DTOC,,,,,
DTRT,,,,,
DTRTW,,,,,
DTSS,,,,,
DTST,,,,,
DTW,,,,,
DUET,,,,,
DUK,,,,,
DUK-PA,,,,,
DUKB,,,,,
DUNE,,,,,
DUNEU,,,,,
DUNEW,,,,,
DUO,,,,,
DUOL,,,,,
DUOT,,,,,
DV,,,,,
DVA,,,,,
DVAX,,,,,
DVN,,,,,
DWAC,,,,,
DWACU,,,,,
DWACW,,,,,
DWSN,,,,,
DX,,,,,
DX-PC,,,,,
DXC,,,,,
DXCM,,,,,
DXF,,,,,
DXLG,,,,,
DXPE,,,,,
DXR,,,,,
DXYN,,,,,
DY,,,,,
DYAI,,,,,
DYN,,,,,
DYNT,,,,,
DZSI,,,,,
E,,,,,
EA,,,,,
EAC,,,,,
EACPW,,,,,
EAD,,,,,
EAF,,,,,
EAI,,,,,
EAR,,,,,
EARN,,,,,
EAST,,,,,
EAT,,,,,
EB,,,,,
EBAC,,,,,
EBACU,,,,,
EBACW,,,,,
EBAY,,,,,
EBC,,,,,
EBET,,,,,
EBF,,,,,
EBIX,,,,,
EBMT,,,,,
EBON,,,,,
EBR,,,,,
EBS,,,,,
EBTC,,,,,
EC,,,,,
ECAT,,,,,
ECBK,,,,,
ECC,,,,,
ECC-PD,,,,,
ECCC,,,,,
ECCV,,,,,
ECCW,,,,,
ECCX,,,,,
ECF,,,,,
ECF-PA,,,,,
ECL,,,,,
ECOR,,,,,
ECPG,,,,,
ECVT,,,,,
ED,,,,,
EDAP,,,,,
EDBL,,,,,
EDD,,,,,
EDF,,,,,
EDI,,,,,
EDIT,,,,,
EDN,,,,,
EDR,,,,,
EDRY,,,,,
EDSA,,,,,
EDTK,,,,,
EDTX,,,,,
EDTXU,,,,,
EDTXW,,,,,
EDU,,,,,
EDUC,,,,,
EE,,,,,
EEA,,,,,
EEFT,,,,,
EEIQ,,,,,
EEX,,,,,
EFC,,,,,
EFC-PA,,,,,
EFC-PB,,,,,
EFHTU,,,,,
EFOI,,,,,
EFR,,,,,
EFSC,,,,,
EFSCP,,,,,
EFSH,,,,,
EFT,,,,,
EFTR,,,,,
EFTRW,,,,,
EFX,,,,,
EFXT,,,,,
EGAN,,,,,
EGBN,,,,,
EGF,,,,,
EGGF,,,,,
EGHT,,,,,
EGIO,,,,,
EGLE,,,,,
EGLX,,,,,
EGO,,,,,
EGP,,,,,
EGRX,,,,,
EGY,,,,,
EH,,,,,
EHAB,,,,,
EHC,,,,,
EHI,,,,,
EHTH,,,,,
EIC,,,,,
EICA,,,,,
EIG,,,,,
EIGR,,,,,
EIM,,,,,
EIX,,,,,
EJH,,,,,
EKSO,,,,,
EL,,,,,
ELA,,,,,
ELAN,,,,,
ELAT,,,,,
ELBM,,,,,
ELC,,,,,
ELDN,,,,,
ELEV,,,,,
ELF,,,,,
ELLO,,,,,
ELMD,,,,,
ELME,,,,,
ELOX,,,,,
ELP,,,,,
ELS,,,,,
ELSE,,,,,
ELTK,,,,,
ELV,,,,,
ELVT,,,,,
ELYM,,,,,
ELYS,,,,,
EM,,,,,
EMAN,,,,,
EMBC,,,,,
EMBK,,,,,
EMBKW,,,,,
EMCF,,,,,
EMCG,,,,,
EMCGR,,,,,
EMCGU,,,,,
EMCGW,,,,,
EMD,,,,,
EME,,,,,
EMF,,,,,
EMKR,,,,,
EML,,,,,
EMLD,,,,,
EMLDU,,,,,
EMN,,,,,
EMO,,,,,
EMP,,,,,
EMR,,,,,
EMX,,,,,
ENB,,,,,
ENBA,,,,,
ENCP,,,,,
ENCPW,,,,,
ENER,,,,,
ENERR,,,,,
ENFN,,,,,
ENG,,,,,
ENIC,,,,,
ENJ,,,,,
ENLC,,,,,
ENLV,,,,,
ENO,,,,,
ENOB,,,,,
ENOV,,,,,
ENPH,,,,,
ENR,,,,,
ENS,,,,,
ENSC,,,,,
ENSG,,,,,
ENSV,,,,,
ENTA,,,,,
ENTF,,,,,
ENTFU,,,,,
ENTFW,,,,,
ENTG,,,,,
ENTX,,,,,
ENV,,,,,
ENVA,,,,,
ENVB,,,,,
ENVX,,,,,
ENX,,,,,
ENZ,,,,,
EOCW,,,,,
EOD,,,,,
EOG,,,,,
EOI,,,,,
EOLS,,,,,
EOS,,,,,
EOSE,,,,,
EOSEW,,,,,
EOT,,,,,
EP,,,,,
EP-PC,,,,,
EPAC,,,,,
EPAM,,,,,
EPC,,,,,
EPD,,,,,
EPHY,,,,,
EPHYU,,,,,
EPHYW,,,,,
EPIX,,,,,
EPM,,,,,
EPOW,,,,,
EPR,,,,,
EPR-PC,,,,,
EPR-PE,,,,,
EPR-PG,,,,,
EPRT,,,,,
EPSN,,,,,
EPWR,,,,,
EQ,,,,,
EQBK,,,,,
EQC,,,,,
EQC-PD,,,,,
EQH,,,,,
EQH-PA,,,,,
EQH-PC,,,,,
EQHA,,,,,
EQIX,,,,,
EQNR,,,,,
EQR,,,,,
EQRX,,,,,
EQRXW,,,,,
EQS,,,,,
EQT,,,,,
EQX,,,,,
ERAS,,,,,
ERC,,,,,
ERES,,,,,
ERESW,,,,,
ERF,,,,,
ERH,,,,,
ERIC,,,,,
ERIE,,,,,
ERII,,,,,
ERJ,,,,,
ERNA,,,,,
ERO,,,,,
ERYP,,,,,
ES,,,,,
ESAB,,,,,
ESAC,,,,,
ESCA,,,,,
ESE,,,,,
ESEA,,,,,
ESGR,,,,,
ESGRO,,,,,
ESGRP,,,,,
ESI,,,,,
ESLT,,,,,
ESM,,,,,
ESMT,,,,,
ESNT,,,,,
ESOA,,,,,
ESP,,,,,
ESPR,,,,,
ESQ,,,,,
ESRT,,,,,
ESS,,,,,
ESSA,,,,,
ESTA,,,,,
ESTC,,,,,
ESTE,,,,,
ET,,,,,
ET-PC,,,,,
ET-PD,,,,,
ET-PE,,,,,
ETB,,,,,
ETD,,,,,
ETG,,,,,
ETI-P,,,,,
ETJ,,,,,
ETN,,,,,
ETNB,,,,,
ETO,,,,,
ETON,,,,,
ETR,,,,,
ETRN,,,,,
ETSY,,,,,
ETV,,,,,
ETW,,,,,
ETWO,,,,,
ETX,,,,,
ETY,,,,,
EUCR,,,,,
EUDA,,,,,
EUDAW,,,,,
EURN,,,,,
EVA,,,,,
EVAX,,,,,
EVBG,,,,,
EVBN,,,,,
EVC,,,,,
EVCM,,,,,
EVE,,,,,
EVER,,,,,
EVEX,,,,,
EVF,,,,,
EVG,,,,,
EVGN,,,,,
EVGO,,,,,
EVGOW,,,,,
EVGR,,,,,
EVGRU,,,,,
EVGRW,,,,,
EVH,,,,,
EVI,,,,,
EVK,,,,,
EVLMC,,,,,
EVLO,,,,,
EVLV,,,,,
EVLVW,,,,,
EVM,,,,,
EVN,,,,,
EVO,,,,,
EVOJ,,,,,
EVOK,,,,,
EVOP,,,,,
EVR,,,,,
EVRG,,,,,
EVRI,,,,,
EVT,,,,,
EVTC,,,,,
EVTL,,,,,
EVTV,,,,,
EVV,,,,,
EW,,,,,
EWBC,,,,,
EWCZ,,,,,
EWTX,,,,,
EXAI,,,,,
EXAS,,,,,
EXC,,,,,
EXD,,,,,
EXEL,,,,,
EXFY,,,,,
EXG,,,,,
EXK,,,,,
EXLS,,,,,
EXN,,,,,
EXP,,,,,
EXPD,,,,,
EXPE,,,,,
EXPI,,,,,
EXPO,,,,,
EXPR,,,,,
EXR,,,,,
EXTR,,,,,
EYE,,,,,
EYEN,,,,,
EYPT,,,,,
EZFL,,,,,
EZGO,,,,,
EZPW,,,,,
F,,,,,
F-PB,,,,,
F-PC,,,,,
F-PD,,,,,
FA,,,,,
FACA,,,,,
FACT,,,,,
FAF,,,,,
FAM,,,,,
FAMI,,,,,
FANG,,,,,
FANH,,,,,
FARM,,,,,
FARO,,,,,
FAST,,,,,
FAT,,,,,
FATBB,,,,,
FATBP,,,,,
FATE,,,,,
FATH,,,,,
FATP,,,,,
FAX,,,,,
FAZE,,,,,
FAZEW,,,,,
FBHS,,,,,
FBIO,,,,,
FBIOP,,,,,
FBIZ,,,,,
FBK,,,,,
FBMS,,,,,
FBNC,,,,,
FBP,,,,,
FBRT,,,,,
FBRT-PE,,,,,
FBRX,,,,,
FC,,,,,
FCAP,,,,,
FCAX,,,,,
FCBC,,,,,
FCCO,,,,,
FCEL,,,,,
FCF,,,,,
FCFS,,,,,
FCN,,,,,
FCNCA,,,,,
FCNCO,,,,,
FCNCP,,,,,
FCO,,,,,
FCPT,,,,,
FCRD,,,,,
FCRX,,,,,
FCT,,,,,
FCUV,,,,,
FCX,,,,,
FDBC,,,,,
FDEU,,,,,
FDMT,,,,,
FDP,,,,,
FDS,,,,,
FDUS,,,,,
FDX,,,,,
FE,,,,,
FEAM,,,,,
FEDU,,,,,
FEI,,,,,
FEIM,,,,,
FELE,,,,,
FEMY,,,,,
FEN,,,,,
FENC,,,,,
FENG,,,,,
FERG,,,,,
FET,,,,,
FEXD,,,,,
FF,,,,,
FFA,,,,,
FFBC,,,,,
FFBW,,,,,
FFC,,,,,
FFHL,,,,,
FFIC,,,,,
FFIE,,,,,
FFIEW,,,,,
FFIN,,,,,
FFIV,,,,,
FFNW,,,,,
FFWM,,,,,
FG,,,,,
FGB,,,,,
FGBI,,,,,
FGBIP,,,,,
FGEN,,,,,
FGF,,,,,
FGFPP,,,,,
FGI,,,,,
FGIWW,,,,,
FGMC,,,,,
FHB,,,,,
FHI,,,,,
FHLTU,,,,,
FHLTW,,,,,
FHN,,,,,
FHN-PB,,,,,
FHN-PC,,,,,
FHN-PD,,,,,
FHN-PE,,,,,
FHN-PF,,,,,
FHTX,,,,,
FIAC,,,,,
FIACU,,,,,
FIBK,,,,,
FICO,,,,,
FICV,,,,,
FICVU,,,,,
FICVW,,,,,
FIF,,,,,
FIGS,,,,,
FINM,,,,,
FINMU,,,,,
FINMW,,,,,
FINS,,,,,
FINV,,,,,
FINW,,,,,
FIP,,,,,
FIS,,,,,
FISI,,,,,
FISV,,,,,
FITB,,,,,
FITBI,,,,,
FITBO,,,,,
FITBP,,,,,
FIVE,,,,,
FIVN,,,,,
FIX,,,,,
FIXX,,,,,
FIZZ,,,,,
FKWL,,,,,
FL,,,,,
FLC,,,,,
FLEX,,,,,
FLFV,,,,,
FLFVW,,,,,
FLGC,,,,,
FLGT,,,,,
FLIC,,,,,
FLJ,,,,,
FLL,,,,,
FLME,,,,,
FLNC,,,,,
FLNG,,,,,
FLNT,,,,,
FLO,,,,,
FLR,,,,,
FLS,,,,,
FLT,,,,,
FLUX,,,,,
FLWS,,,,,
FLXS,,,,,
FLYA,,,,,
FLYW,,,,,
FMAO,,,,,
FMBH,,,,,
FMC,,,,,
FMIV,,,,,
FMN,,,,,
FMNB,,,,,
FMS,,,,,
FMX,,,,,
FMY,,,,,
FN,,,,,
FNA,,,,,
FNB,,,,,
FNB-PE,,,,,
FNCB,,,,,
FNCH,,,,,
FND,,,,,
FNF,,,,,
FNGR,,,,,
FNKO,,,,,
FNLC,,,,,
FNV,,,,,
FNVT,,,,,
FNVTU,,,,,
FNVTW,,,,,
FNWB,,,,,
FNWD,,,,,
FOA,,,,,
FOCS,,,,,
FOF,,,,,
FOLD,,,,,
FONR,,,,,
FOR,,,,,
FORA,,,,,
FORD,,,,,
FORG,,,,,
FORM,,,,,
FORR,,,,,
FORTY,,,,,
FOSL,,,,,
FOSLL,,,,,
FOUR,,,,,
FOX,,,,,
FOXA,,,,,
FOXF,,,,,
FOXO,,,,,
FOXW,,,,,
FPAC,,,,,
FPAY,,,,,
FPF,,,,,
FPH,,,,,
FPI,,,,,
FPL,,,,,
FR,,,,,
FRA,,,,,
FRAF,,,,,
FRBA,,,,,
FRBK,,,,,
FRBN,,,,,
FRC,,,,,
FRC-PH,,,,,
FRC-PI,,,,,
FRC-PJ,,,,,
FRC-PK,,,,,
FRC-PL,,,,,
FRC-PM,,,,,
FRC-PN,,,,,
FRD,,,,,
FREE,,,,,
FREEW,,,,,
FREQ,,,,,
FREY,,,,,
FRG,,,,,
FRGAP,,,,,
FRGE,,,,,
FRGI,,,,,
FRGT,,,,,
FRHC,,,,,
FRLA,,,,,
FRLN,,,,,
FRME,,,,,
FRMEP,,,,,
FRO,,,,,
FROG,,,,,
FRON,,,,,
FRPH,,,,,
FRPT,,,,,
FRSG,,,,,
FRSGU,,,,,
FRSGW,,,,,
FRSH,,,,,
FRST,,,,,
FRSX,,,,,
FRT,,,,,
FRT-PC,,,,,
FRTX,,,,,
FRXB,,,,,
FRZA,,,,,
FSBC,,,,,
FSBW,,,,,
FSCO,,,,,
FSD,,,,,
FSEA,,,,,
FSFG,,,,,
FSI,,,,,
FSK,,,,,
FSLR,,,,,
FSLY,,,,,
FSM,,,,,
FSNB,,,,,
FSP,,,,,
FSR,,,,,
FSRX,,,,,
FSRXU,,,,,
FSRXW,,,,,
FSS,,,,,
FSSI,,,,,
FSSIU,,,,,
FSSIW,,,,,
FSTR,,,,,
FSTX,,,,,
FSV,,,,,
FT,,,,,
FTAA,,,,,
FTAI,,,,,
FTAIN,,,,,
FTAIO,,,,,
FTAIP,,,,,
FTCH,,,,,
FTCI,,,,,
FTCV,,,,,
FTCVU,,,,,
FTCVW,,,,,
FTDR,,,,,
FTEK,,,,,
FTEV,,,,,
FTF,,,,,
FTFT,,,,,
FTHM,,,,,
FTHY,,,,,
FTI,,,,,
FTII,,,,,
FTIIU,,,,,
FTIIW,,,,,
FTK,,,,,
FTNT,,,,,
FTPA,,,,,
FTPAW,,,,,
FTS,,,,,
FTV,,,,,
FTVI,,,,,
FTVIW,,,,,
FUBO,,,,,
FUL,,,,,
FULC,,,,,
FULT,,,,,
FULTP,,,,,
FUN,,,,,
FUNC,,,,,
FUND,,,,,
FURY,,,,,
FUSB,,,,,
FUSN,,,,,
FUTU,,,,,
FUV,,,,,
FVCB,,,,,
FVRR,,,,,
FWAC,,,,,
FWBI,,,,,
FWONA,,,,,
FWONK,,,,,
FWP,,,,,
FWRD,,,,,
FWRG,,,,,
FXCO,,,,,
FXCOR,,,,,
FXCOW,,,,,
FXLV,,,,,
FXNC,,,,,
FYBR,,,,,
FZT,,,,,
G,,,,,
GAB,,,,,
GAB-PG,,,,,
GAB-PH,,,,,
GAB-PK,,,,,
GABC,,,,,
GACQ,,,,,
GACQU,,,,,
GACQW,,,,,
GAIA,,,,,
GAIN,,,,,
GAINN,,,,,
GAINZ,,,,,
GALT,,,,,
GAM,,,,,
GAM-PB,,,,,
GAMB,,,,,
GAMC,,,,,
GAMCU,,,,,
GAMCW,,,,,
GAME,,,,,
GAN,,,,,
GANX,,,,,
GASS,,,,,
GATE,,,,,
GATO,,,,,
GATX,,,,,
GAU,,,,,
GB,,,,,
GBAB,,,,,
GBBK,,,,,
GBCI,,,,,
GBDC,,,,,
GBIO,,,,,
GBLI,,,,,
GBNH,,,,,
GBNY,,,,,
GBR,,,,,
GBRG,,,,,
GBRGR,,,,,
GBTG,,,,,
GBX,,,,,
GCBC,,,,,
GCI,,,,,
GCMG,,,,,
GCMGW,,,,,
GCO,,,,,
GCT,,,,,
GCTK,,,,,
GCV,,,,,
GD,,,,,
GDDY,,,,,
GDEN,,,,,
GDL,,,,,
GDL-PC,,,,,
GDNR,,,,,
GDNRW,,,,,
GDO,,,,,
GDOT,,,,,
GDRX,,,,,
GDS,,,,,
GDSTU,,,,,
GDV,,,,,
GDV-PH,,,,,
GDV-PK,,,,,
GDYN,,,,,
GE,,,,,
GECC,,,,,
GECCM,,,,,
GECCN,,,,,
GEEX,,,,,
GEF,,,,,
GEG,,,,,
GEGGL,,,,,
GEHI,,,,,
GEL,,,,,
GEN,,,,,
GENC,,,,,
GENE,,,,,
GENI,,,,,
GENQ,,,,,
GENQU,,,,,
GENQW,,,,,
GEO,,,,,
GEOS,,,,,
GER,,,,,
GERN,,,,,
GES,,,,,
GET,,,,,
GETY,,,,,
GEVO,,,,,
GF,,,,,
GFAI,,,,,
GFF,,,,,
GFGD,,,,,
GFGDR,,,,,
GFGDW,,,,,
GFI,,,,,
GFL,,,,,
GFLU,,,,,
GFOR,,,,,
GFS,,,,,
GFX,,,,,
GGAA,,,,,
GGAAU,,,,,
GGAL,,,,,
GGB,,,,,
GGE,,,,,
GGG,,,,,
GGMC,,,,,
GGMCU,,,,,
GGMCW,,,,,
GGN,,,,,
GGN-PB,,,,,
GGR,,,,,
GGROW,,,,,
GGT,,,,,
GGT-PG,,,,,
GGZ,,,,,
GH,,,,,
GHAC,,,,,
GHACU,,,,,
GHC,,,,,
GHG,,,,,
GHIX,,,,,
GHIXU,,,,,
GHIXW,,,,,
GHL,,,,,
GHLD,,,,,
GHM,,,,,
GHRS,,,,,
GHSI,,,,,
GHY,,,,,
GIA,,,,,
GIAC,,,,,
GIACW,,,,,
GIB,,,,,
GIC,,,,,
GIFI,,,,,
GIGM,,,,,
GIII,,,,,
GIIX,,,,,
GIIXU,,,,,
GIIXW,,,,,
GIL,,,,,
GILD,,,,,
GILT,,,,,
GIM,,,,,
GIPR,,,,,
GIPRW,,,,,
GIS,,,,,
GIWWW,,,,,
GJH,,,,,
GJO,,,,,
GJP,,,,,
GJR,,,,,
GJS,,,,,
GJT,,,,,
GKOS,,,,,
GL,,,,,
GL-PD,,,,,
GLAD,,,,,
GLBE,,,,,
GLBL,,,,,
GLBLU,,,,,
GLBLW,,,,,
GLBS,,,,,
GLBZ,,,,,
GLDD,,,,,
GLDG,,,,,
GLG,,,,,
GLHA,,,,,
GLHAU,,,,,
GLHAW,,,,,
GLLI,,,,,
GLLIR,,,,,
GLLIW,,,,,
GLMD,,,,,
GLNG,,,,,
GLO,,,,,
GLOB,,,,,
GLOG-PA,,,,,
GLOP,,,,,
GLOP-PA,,,,,
GLOP-PB,,,,,
GLOP-PC,,,,,
GLP,,,,,
GLP-PA,,,,,
GLP-PB,,,,,
GLPG,,,,,
GLPI,,,,,
GLQ,,,,,
GLRE,,,,,
GLS,,,,,
GLSI,,,,,
GLST,,,,,
GLSTR,,,,,
GLSTU,,,,,
GLSTW,,,,,
GLT,,,,,
GLTA,,,,,
GLTO,,,,,
GLU,,,,,
GLU-PB,,,,,
GLUE,,,,,
GLV,,,,,
GLW,,,,,
GLYC,,,,,
GM,,,,,
GMAB,,,,,
GMBL,,,,,
GMBLP,,,,,
GMBLW,,,,,
GMBLZ,,,,,
GMDA,,,,,
GME,,,,,
GMED,,,,,
GMFI,,,,,
GMFIW,,,,,
GMGI,,,,,
GMRE,,,,,
GMRE-PA,,,,,
GMS,,,,,
GMTX,,,,,
GMVD,,,,,
GMVDW,,,,,
GNAC,,,,,
GNACU,,,,,
GNACW,,,,,
GNE,,,,,
GNE-PA,,,,,
GNFT,,,,,
GNK,,,,,
GNL,,,,,
GNL-PA,,,,,
GNL-PB,,,,,
GNLN,,,,,
GNPX,,,,,
GNRC,,,,,
GNS,,,,,
GNSS,,,,,
GNT,,,,,
GNT-PA,,,,,
GNTA,,,,,
GNTX,,,,,
GNTY,,,,,
GNUS,,,,,
GNW,,,,,
GO,,,,,
GOCO,,,,,
GOEV,,,,,
GOEVW,,,,,
GOF,,,,,
GOGL,,,,,
GOGN,,,,,
GOGO,,,,,
GOL,,,,,
GOLD,,,,,
GOLF,,,,,
GOOD,,,,,
GOODN,,,,,
GOODO,,,,,
GOOG,,,,,
GOOGL,,,,,
GOOS,,,,,
GORO,,,,,
GOSS,,,,,
GOTU,,,,,
GOVX,,,,,
GOVXW,,,,,
GP,,,,,
GPAC,,,,,
GPACU,,,,,
GPACW,,,,,
GPC,,,,,
GPI,,,,,
GPJA,,,,,
GPK,,,,,
GPMT,,,,,
GPMT-PA,,,,,
GPN,,,,,
GPOR,,,,,
GPP,,,,,
GPRE,,,,,
GPRK,,,,,
GPRO,,,,,
GPS,,,,,
GRAB,,,,,
GRABW,,,,,
GRAY,,,,,
GRBK,,,,,
GRBK-PA,,,,,
GRC,,,,,
GRCL,,,,,
GREE,,,,,
GREEL,,,,,
GRF,,,,,
GRFS,,,,,
GRFX,,,,,
GRIL,,,,,
GRIN,,,,,
GRMN,,,,,
GRNA,,,,,
GRND,,,,,
GRNQ,,,,,
GRNT,,,,,
GROM,,,,,
GROMW,,,,,
GROV,,,,,
GROW,,,,,
GROY,,,,,
GRPH,,,,,
GRPN,,,,,
GRRR,,,,,
GRRRW,,,,,
GRTS,,,,,
GRTX,,,,,
GRVY,,,,,
GRWG,,,,,
GRX,,,,,
GS,,,,,
GS-PA,,,,,
GS-PC,,,,,
GS-PD,,,,,
GS-PJ,,,,,
GS-PK,,,,,
GSAT,,,,,
GSBC,,,,,
GSBD,,,,,
GSD,,,,,
GSDWU,,,,,
GSDWW,,,,,
GSEV,,,,,
GSEVU,,,,,
GSEVW,,,,,
GSHD,,,,,
GSIT,,,,,
GSK,,,,,
GSL,,,,,
GSL-PB,,,,,
GSM,,,,,
GSMG,,,,,
GSMGW,,,,,
GSQB,,,,,
GSQD,,,,,
GSRM,,,,,
GSRMR,,,,,
GSRMW,,,,,
GSUN,,,,,
GT,,,,,
GTAC,,,,,
GTBP,,,,,
GTE,,,,,
GTEC,,,,,
GTES,,,,,
GTH,,,,,
GTHX,,,,,
GTIM,,,,,
GTLB,,,,,
GTLS,,,,,
GTN,,,,,
GTPA,,,,,
GTPAU,,,,,
GTPB,,,,,
GTPBU,,,,,
GTX,,,,,
GTXAP,,,,,
GTY,,,,,
GUG,,,,,
GURE,,,,,
GUT,,,,,
GUT-PC,,,,,
GVA,,,,,
GVCI,,,,,
GVP,,,,,
GWAV,,,,,
GWH,,,,,
GWIIW,,,,,
GWRE,,,,,
GWRS,,,,,
GWW,,,,,
GXII,,,,,
GXIIW,,,,,
GXO,,,,,
GYRO,,,,,
H,,,,,
HA,,,,,
HAE,,,,,
HAFC,,,,,
HAIA,,,,,
HAIN,,,,,
HAL,,,,,
HALL,,,,,
HALO,,,,,
HAPP,,,,,
HARP,,,,,
HAS,,,,,
HASI,,,,,
HAYN,,,,,
HAYW,,,,,
HBAN,,,,,
HBANM,,,,,
HBANP,,,,,
HBB,,,,,
HBCP,,,,,
HBI,,,,,
HBIO,,,,,
HBM,,,,,
HBNC,,,,,
HBT,,,,,
HCA,,,,,
HCAR,,,,,
HCARU,,,,,
HCARW,,,,,
HCAT,,,,,
HCC,,,,,
HCCI,,,,,
HCDI,,,,,
HCDIP,,,,,
HCDIZ,,,,,
HCI,,,,,
HCIC,,,,,
HCICU,,,,,
HCII,,,,,
HCIIU,,,,,
HCIIW,,,,,
HCKT,,,,,
HCM,,,,,
HCMA,,,,,
HCNE,,,,,
HCNEU,,,,,
HCNEW,,,,,
HCP,,,,,
HCSG,,,,,
HCTI,,,,,
HCVI,,,,,
HCVIU,,,,,
HCWB,,,,,
HD,,,,,
HDB,,,,,
HDSN,,,,,
HE,,,,,
HEAR,,,,,
HEES,,,,,
HEI,,,,,
HEI-A,,,,,
HELE,,,,,
HEP,,,,,
HEPA,,,,,
HEPS,,,,,
HEQ,,,,,
HERA,,,,,
HERAW,,,,,
HES,,,,,
HESM,,,,,
HEXO,,,,,
HFBL,,,,,
HFFG,,,,,
HFRO,,,,,
HFRO-PA,,,,,
HFWA,,,,,
HGBL,,,,,
HGEN,,,,,
HGLB,,,,,
HGTY,,,,,
HGV,,,,,
HHC,,,,,
HHGC,,,,,
HHGCR,,,,,
HHGCU,,,,,
HHLA,,,,,
HHS,,,,,
HI,,,,,
HIBB,,,,,
HIE,,,,,
HIFS,,,,,
HIG,,,,,
HIG-PG,,,,,
HIHO,,,,,
HII,,,,,
HIII,,,,,
HIIIU,,,,,
HIIIW,,,,,
HIL,,,,,
HILS,,,,,
HIMS,,,,,
HIMX,,,,,
HIO,,,,,
HIPO,,,,,
HITI,,,,,
HIVE,,,,,
HIW,,,,,
HIX,,,,,
HKD,,,,,
HL,,,,,
HL-PB,,,,,
HLAH,,,,,
HLAHU,,,,,
HLAHW,,,,,
HLBZ,,,,,
HLBZW,,,,,
HLF,,,,,
HLGN,,,,,
HLI,,,,,
HLIO,,,,,
HLIT,,,,,
HLLY,,,,,
HLMN,,,,,
HLN,,,,,
HLNE,,,,,
HLT,,,,,
HLTH,,,,,
HLVX,,,,,
HLX,,,,,
HMA,,,,,
HMACR,,,,,
HMACW,,,,,
HMC,,,,,
HMLP-PA,,,,,
HMN,,,,,
HMNF,,,,,
HMPT,,,,,
HMST,,,,,
HMY,,,,,
HNI,,,,,
HNNA,,,,,
HNNAZ,,,,,
HNRA,,,,,
HNRG,,,,,
HNST,,,,,
HNVR,,,,,
HNW,,,,,
HOFT,,,,,
HOFV,,,,,
HOFVW,,,,,
HOG,,,,,
HOLI,,,,,
HOLO,,,,,
HOLOW,,,,,
HOLX,,,,,
HOMB,,,,,
HON,,,,,
HONE,,,,,
HOOD,,,,,
HOOK,,,,,
HOPE,,,,,
HORI,,,,,
HOTH,,,,,
HOUR,,,,,
HOUS,,,,,
HOV,,,,,
HOVNP,,,,,
HOWL,,,,,
HP,,,,,
HPCO,,,,,
HPE,,,,,
HPF,,,,,
HPI,,,,,
HPK,,,,,
HPKEW,,,,,
HPLT,,,,,
HPP,,,,,
HPP-PC,,,,,
HPQ,,,,,
HPS,,,,,
HQH,,,,,
HQI,,,,,
HQL,,,,,
HQY,,,,,
HR,,,,,
HRB,,,,,
HRI,,,,,
HRL,,,,,
HRMY,,,,,
HROW,,,,,
HROWL,,,,,
HRT,,,,,
HRTG,,,,,
HRTX,,,,,
HRZN,,,,,
HSAQ,,,,,
HSBC,,,,,
HSC,,,,,
HSCS,,,,,
HSCSW,,,,,
HSDT,,,,,
HSIC,,,,,
HSII,,,,,
HSKA,,,,,
HSON,,,,,
HST,,,,,
HSTM,,,,,
HSTO,,,,,
HSY,,,,,
HT,,,,,
HT-PC,,,,,
HT-PD,,,,,
HT-PE,,,,,
HTBI,,,,,
HTBK,,,,,
HTCR,,,,,
HTD,,,,,
HTFC,,,,,
HTGC,,,,,
HTGM,,,,,
HTH,,,,,
HTHT,,,,,
HTIA,,,,,
HTIBP,,,,,
HTLD,,,,,
HTLF,,,,,
HTLFP,,,,,
HTOO,,,,,
HTOOW,,,,,
HTPA,,,,,
HTY,,,,,
HTZ,,,,,
HTZWW,,,,,
HUBB,,,,,
HUBG,,,,,
HUBS,,,,,
HUDAU,,,,,
HUDI,,,,,
HUGE,,,,,
HUGS,,,,,
HUIZ,,,,,
HUM,,,,,
HUMA,,,,,
HUMAW,,,,,
HUN,,,,,
HURC,,,,,
HURN,,,,,
HUSA,,,,,
HUT,,,,,
HUYA,,,,,
HVBC,,,,,
HVT,,,,,
HVT-A,,,,,
HWBK,,,,,
HWC,,,,,
HWCPZ,,,,,
HWEL,,,,,
HWELW,,,,,
HWKN,,,,,
HWKZ,,,,,
HWM,,,,,
HWM-P,,,,,
HXL,,,,,
HY,,,,,
HYB,,,,,
HYFM,,,,,
HYI,,,,,
HYLN,,,,,
HYMC,,,,,
HYMCL,,,,,
HYMCW,,,,,
HYPR,,,,,
HYRE,,,,,
HYT,,,,,
HYW,,,,,
HYZN,,,,,
HYZNW,,,,,
HZN,,,,,
HZNP,,,,,
HZO,,,,,
HZON,,,,,
IAA,,,,,
IAC,,,,,
IAE,,,,,
IAF,,,,,
IAG,,,,,
IART,,,,,
IAS,,,,,
IAUX,,,,,
IBA,,,,,
IBCP,,,,,
IBER,,,,,
IBEX,,,,,
IBIO,,,,,
IBKR,,,,,
IBM,,,,,
IBN,,,,,
IBOC,,,,,
IBP,,,,,
IBRX,,,,,
IBTX,,,,,
ICAD,,,,,
ICCC,,,,,
ICCH,,,,,
ICCM,,,,,
ICD,,,,,
ICE,,,,,
ICFI,,,,,
ICHR,,,,,
ICL,,,,,
ICLK,,,,,
ICLR,,,,,
ICMB,,,,,
ICNC,,,,,
ICPT,,,,,
ICR-PA,,,,,
ICU,,,,,
ICUCW,,,,,
ICUI,,,,,
ICVX,,,,,
ID,,,,,
IDA,,,,,
IDAI,,,,,
IDBA,,,,,
IDCC,,,,,
IDE,,,,,
IDEX,,,,,
IDN,,,,,
IDR,,,,,
IDRA,,,,,
IDT,,,,,
IDW,,,,,
IDXX,,,,,
IDYA,,,,,
IE,,,,,
IEP,,,,,
IESC,,,,,
IEX,,,,,
IFBD,,,,,
IFF,,,,,
IFIN,,,,,
IFN,,,,,
IFRX,,,,,
IFS,,,,,
IGA,,,,,
IGAC,,,,,
IGACU,,,,,
IGACW,,,,,
IGC,,,,,
IGD,,,,,
IGI,,,,,
IGIC,,,,,
IGICW,,,,,
IGMS,,,,,
IGR,,,,,
IGT,,,,,
IGTA,,,,,
IH,,,,,
IHD,,,,,
IHG,,,,,
IHIT,,,,,
IHRT,,,,,
IHS,,,,,
IHT,,,,,
IHTA,,,,,
IIF,,,,,
III,,,,,
IIII,,,,,
IIIIU,,,,,
IIIIW,,,,,
IIIN,,,,,
IIIV,,,,,
IIM,,,,,
IINN,,,,,
IIPR,,,,,
IIPR-PA,,,,,
IIVIP,,,,,
IKNA,,,,,
IKT,,,,,
ILAG,,,,,
ILMN,,,,,
ILPT,,,,,
IMAB,,,,,
IMACW,,,,,
IMAQ,,,,,
IMAQR,,,,,
IMAQU,,,,,
IMAQW,,,,,
IMAX,,,,,
IMBI,,,,,
IMBIL,,,,,
IMCC,,,,,
IMCI,,,,,
IMCR,,,,,
IMGN,,,,,
IMGO,,,,,
IMH,,,,,
IMKTA,,,,,
IMMP,,,,,
IMMR,,,,,
IMMX,,,,,
IMNM,,,,,
IMNN,,,,,
IMO,,,,,
IMOS,,,,,
IMPL,,,,,
IMPP,,,,,
IMPPP,,,,,
IMRA,,,,,
IMRN,,,,,
IMRX,,,,,
IMTE,,,,,
IMTX,,,,,
IMTXW,,,,,
IMUX,,,,,
IMV,,,,,
IMVT,,,,,
IMXI,,,,,
INAB,,,,,
INAQ,,,,,
INBK,,,,,
INBKZ,,,,,
INBS,,,,,
INBX,,,,,
INCR,,,,,
INCY,,,,,
INDB,,,,,
INDI,,,,,
INDIW,,,,,
INDO,,,,,
INDP,,,,,
INDT,,,,,
INFA,,,,,
INFI,,,,,
INFN,,,,,
INFU,,,,,
INFY,,,,,
ING,,,,,
INGN,,,,,
INGR,,,,,
INKA,,,,,
INKAU,,,,,
INKT,,,,,
INLX,,,,,
INM,,,,,
INMB,,,,,
INMD,,,,,
INN,,,,,
INN-PE,,,,,
INN-PF,,,,,
INNV,,,,,
INO,,,,,
INOD,,,,,
INPX,,,,,
INSE,,,,,
INSG,,,,,
INSI,,,,,
INSM,,,,,
INSP,,,,,
INST,,,,,
INSW,,,,,
INT,,,,,
INTA,,,,,
INTC,,,,,
INTE,,,,,
INTEU,,,,,
INTEW,,,,,
INTG,,,,,
INTR,,,,,
INTT,,,,,
INTU,,,,,
INTZ,,,,,
INUV,,,,,
INVA,,,,,
INVE,,,,,
INVH,,,,,
INVO,,,,,
INVZ,,,,,
INVZW,,,,,
INZY,,,,,
IOAC,,,,,
IOACU,,,,,
IOACW,,,,,
IOBT,,,,,
IONM,,,,,
IONQ,,,,,
IONR,,,,,
IONS,,,,,
IOR,,,,,
IOSP,,,,,
IOT,,,,,
IOVA,,,,,
IP,,,,,
IPA,,,,,
IPAR,,,,,
IPAX,,,,,
IPAXW,,,,,
IPDN,,,,,
IPG,,,,,
IPGP,,,,,
IPHA,,,,,
IPI,,,,,
IPSC,,,,,
IPVA,,,,,
IPVF,,,,,
IPVI,,,,,
IPVIW,,,,,
IPW,,,,,
IPWR,,,,,
IPX,,,,,
IQ,,,,,
IQI,,,,,
IQMD,,,,,
IQMDU,,,,,
IQMDW,,,,,
IQV,,,,,
IR,,,,,
IRAA,,,,,
IRAAU,,,,,
IRAAW,,,,,
IRBT,,,,,
IRDM,,,,,
IREN,,,,,
IRIX,,,,,
IRL,,,,,
IRM,,,,,
IRMD,,,,,
IRNT,,,,,
IROQ,,,,,
IRRX,,,,,
IRS,,,,,
IRT,,,,,
IRTC,,,,,
IRWD,,,,,
ISAA,,,,,
ISD,,,,,
ISDR,,,,,
ISEE,,,,,
ISIG,,,,,
ISO,,,,,
ISPC,,,,,
ISPO,,,,,
ISPOW,,,,,
ISR,,,,,
ISRG,,,,,
ISSC,,,,,
ISTR,,,,,
ISUN,,,,,
IT,,,,,
ITAQ,,,,,
ITAQW,,,,,
ITCB,,,,,
ITCI,,,,,
ITGR,,,,,
ITI,,,,,
ITIC,,,,,
ITOS,,,,,
ITP,,,,,
ITQ,,,,,
ITQRU,,,,,
ITQRW,,,,,
ITRG,,,,,
ITRI,,,,,
ITRM,,,,,
ITRN,,,,,
ITT,,,,,
ITUB,,,,,
ITW,,,,,
IVA,,,,,
IVAC,,,,,
IVC,,,,,
IVCA,,,,,
IVCAW,,,,,
IVCB,,,,,
IVCBU,,,,,
IVCBW,,,,,
IVCP,,,,,
IVCPU,,,,,
IVDA,,,,,
IVDAW,,,,,
IVH,,,,,
IVR,,,,,
IVR-PB,,,,,
IVR-PC,,,,,
IVT,,,,,
IVVD,,,,,
IVZ,,,,,
IX,,,,,
IXAQ,,,,,
IXAQW,,,,,
IZEA,,,,,
J,,,,,
JACK,,,,,
JAGX,,,,,
JAKK,,,,,
JAMF,,,,,
JAN,,,,,
JANX,,,,,
JAQC,,,,,
JAQCW,,,,,
JATT,,,,,
JAZZ,,,,,
JBGS,,,,,
JBHT,,,,,
JBI,,,,,
JBL,,,,,
JBLU,,,,,
JBSS,,,,,
JBT,,,,,
JCE,,,,,
JCI,,,,,
JCIC,,,,,
JCSE,,,,,
JCTCF,,,,,
JD,,,,,
JEF,,,,,
JELD,,,,,
JEQ,,,,,
JFBR,,,,,
JFBRW,,,,,
JFIN,,,,,
JFR,,,,,
JFU,,,,,
JG,,,,,
JGGCU,,,,,
JGGCW,,,,,
JGH,,,,,
JHAA,,,,,
JHG,,,,,
JHI,,,,,
JHS,,,,,
JHX,,,,,
JILL,,,,,
JJSF,,,,,
JKHY,,,,,
JKS,,,,,
JLL,,,,,
JLS,,,,,
JMAC,,,,,
JMACU,,,,,
JMACW,,,,,
JMIA,,,,,
JMM,,,,,
JMSB,,,,,
JNCE,,,,,
JNJ,,,,,
JNPR,,,,,
JOAN,,,,,
JOB,,,,,
JOBY,,,,,
JOE,,,,,
JOF,,,,,
JOFF,,,,,
JOFFU,,,,,
JOFFW,,,,,
JOUT,,,,,
JPC,,,,,
JPI,,,,,
JPM,,,,,
JPM-PC,,,,,
JPM-PD,,,,,
JPM-PJ,,,,,
JPM-PK,,,,,
JPM-PL,,,,,
JPM-PM,,,,,
JPS,,,,,
JPT,,,,,
JQC,,,,,
JRI,,,,,
JRO,,,,,
JRS,,,,,
JRSH,,,,,
JRVR,,,,,
JSD,,,,,
JSM,,,,,
JSPR,,,,,
JSPRW,,,,,
JT,,,,,
JUGG,,,,,
JUGGU,,,,,
JUGGW,,,,,
JUN,,,,,
JUPW,,,,,
JUPWW,,,,,
JVA,,,,,
JWAC,,,,,
JWACR,,,,,
JWEL,,,,,
JWN,,,,,
JWSM,,,,,
JXJT,,,,,
JXN,,,,,
JYNT,,,,,
JZ,,,,,
JZXN,,,,,
K,,,,,
KACL,,,,,
KACLR,,,,,
KACLW,,,,,
KAHC,,,,,
KAI,,,,,
KAII,,,,,
KAIIU,,,,,
KAIIW,,,,,
KAIR,,,,,
KAIRW,,,,,
KAL,,,,,
KALA,,,,,
KALU,,,,,
KALV,,,,,
KALWW,,,,,
KAMN,,,,,
KAR,,,,,
KARO,,,,,
KAVL,,,,,
KB,,,,,
KBAL,,,,,
KBH,,,,,
KBNT,,,,,
KBNTW,,,,,
KBR,,,,,
KC,,,,,
KCGI,,,,,
KD,,,,,
KDNY,,,,,
KDP,,,,,
KE,,,,,
KELYA,,,,,
KELYB,,,,,
KEN,,,,,
KEP,,,,,
KEQU,,,,,
KERN,,,,,
KERNW,,,,,
KEX,,,,,
KEY,,,,,
KEY-PI,,,,,
KEY-PJ,,,,,
KEY-PK,,,,,
KEY-PL,,,,,
KEYS,,,,,
KF,,,,,
KFFB,,,,,
KFRC,,,,,
KFS,,,,,
KFY,,,,,
KGC,,,,,
KHC,,,,,
KIDS,,,,,
KIM,,,,,
KIM-PL,,,,,
KIM-PM,,,,,
KIND,,,,,
KINS,,,,,
KINZ,,,,,
KINZU,,,,,
KINZW,,,,,
KIO,,,,,
KIQ,,,,,
KIRK,,,,,
KITT,,,,,
KITTW,,,,,
KKR,,,,,
KKR-PC,,,,,
KKRS,,,,,
KLAC,,,,,
KLAQ,,,,,
KLAQU,,,,,
KLAQW,,,,,
KLIC,,,,,
KLR,,,,,
KLTR,,,,,
KLXE,,,,,
KMB,,,,,
KMDA,,,,,
KMF,,,,,
KMI,,,,,
KMPB,,,,,
KMPH,,,,,
KMPR,,,,,
KMT,,,,,
KMX,,,,,
KN,,,,,
KNBE,,,,,
KNDI,,,,,
KNOP,,,,,
KNSA,,,,,
KNSL,,,,,
KNSW,,,,,
KNTE,,,,,
KNTK,,,,,
KNW,,,,,
KNX,,,,,
KO,,,,,
KOD,,,,,
KODK,,,,,
KOF,,,,,
KOP,,,,,
KOPN,,,,,
KORE,,,,,
KOS,,,,,
KOSS,,,,,
KPLT,,,,,
KPLTW,,,,,
KPRX,,,,,
KPTI,,,,,
KR,,,,,
KRBP,,,,,
KRC,,,,,
KREF,,,,,
KREF-PA,,,,,
KRG,,,,,
KRKR,,,,,
KRMD,,,,,
KRNL,,,,,
KRNLW,,,,,
KRNT,,,,,
KRNY,,,,,
KRO,,,,,
KRON,,,,,
KROS,,,,,
KRP,,,,,
KRT,,,,,
KRTX,,,,,
KRUS,,,,,
KRYS,,,,,
KSCP,,,,,
KSI,,,,,
KSICW,,,,,
KSM,,,,,
KSPN,,,,,
KSS,,,,,
KT,,,,,
KTB,,,,,
KTCC,,,,,
KTF,,,,,
KTH,,,,,
KTN,,,,,
KTOS,,,,,
KTRA,,,,,
KTTA,,,,,
KUKE,,,,,
KULR,,,,,
KURA,,,,,
KVHI,,,,,
KVSA,,,,,
KVSC,,,,,
KW,,,,,
KWR,,,,,
KXIN,,,,,
KYCH,,,,,
KYCHR,,,,,
KYCHU,,,,,
KYCHW,,,,,
KYMR,,,,,
KYN,,,,,
KZIA,,,,,
KZR,,,,,
L,,,,,
LAAA,,,,,
LAAAW,,,,,
LAB,,,,,
LABP,,,,,
LAC,,,,,
LAD,,,,,
LADR,,,,,
LAKE,,,,,
LAMR,,,,,
LANC,,,,,
LAND,,,,,
LANDM,,,,,
LANDO,,,,,
LARK,,,,,
LASE,,,,,
LASR,,,,,
LATG,,,,,
LATGU,,,,,
LATGW,,,,,
LAUR,,,,,
LAW,,,,,
LAZ,,,,,
LAZR,,,,,
LAZY,,,,,
LBAI,,,,,
LBBB,,,,,
LBBBU,,,,,
LBC,,,,,
LBPH,,,,,
LBRDA,,,,,
LBRDK,,,,,
LBRDP,,,,,
LBRT,,,,,
LBTYA,,,,,
LBTYB,,,,,
LBTYK,,,,,
LC,,,,,
LCA,,,,,
LCAA,,,,,
LCAAU,,,,,
LCAAW,,,,,
LCAHU,,,,,
LCAHW,,,,,
LCFY,,,,,
LCI,,,,,
LCID,,,,,
LCII,,,,,
LCNB,,,,,
LCTX,,,,,
LCUT,,,,,
LCW,,,,,
LDHA,,,,,
LDHAU,,,,,
LDHAW,,,,,
LDI,,,,,
LDOS,,,,,
LDP,,,,,
LE,,,,,
LEA,,,,,
LECO,,,,,
LEDS,,,,,
LEE,,,,,
LEG,,,,,
LEGA,,,,,
LEGAU,,,,,
LEGAW,,,,,
LEGH,,,,,
LEGN,,,,,
LEJU,,,,,
LEN,,,,,
LEO,,,,,
LESL,,,,,
LEU,,,,,
LEV,,,,,
LEVI,,,,,
LEXX,,,,,
LEXXW,,,,,
LFAC,,,,,
LFACU,,,,,
LFCR,,,,,
LFG,,,,,
LFLY,,,,,
LFLYW,,,,,
LFMD,,,,,
LFMDP,,,,,
LFST,,,,,
LFT,,,,,
LFT-PA,,,,,
LFUS,,,,,
LFVN,,,,,
LGAC,,,,,
LGACW,,,,,
LGHL,,,,,
LGHLW,,,,,
LGI,,,,,
LGIH,,,,,
LGL,,,,,
LGMK,,,,,
LGND,,,,,
LGO,,,,,
LGST,,,,,
LGSTW,,,,,
LGTO,,,,,
LGTOU,,,,,
LGTOW,,,,,
LGV,,,,,
LGVC,,,,,
LGVN,,,,,
LH,,,,,
LHAA,,,,,
LHC,,,,,
LHCG,,,,,
LHDX,,,,,
LHX,,,,,
LI,,,,,
LIAN,,,,,
LIBY,,,,,
LIBYU,,,,,
LICY,,,,,
LIDR,,,,,
LIDRW,,,,,
LIFE,,,,,
LII,,,,,
LILA,,,,,
LILAK,,,,,
LILM,,,,,
LILMW,,,,,
LIN,,,,,
LINC,,,,,
LIND,,,,,
LINK,,,,,
LION,,,,,
LIQT,,,,,
LITB,,,,,
LITE,,,,,
LITM,,,,,
LITT,,,,,
LITTU,,,,,
LITTW,,,,,
LIVB,,,,,
LIVBU,,,,,
LIVBW,,,,,
LIVE,,,,,
LIVN,,,,,
LIXT,,,,,
LIXTW,,,,,
LIZI,,,,,
LJAQ,,,,,
LKCO,,,,,
LKFN,,,,,
LKQ,,,,,
LL,,,,,
LLAP,,,,,
LLY,,,,,
LMAT,,,,,
LMB,,,,,
LMDX,,,,,
LMDXW,,,,,
LMFA,,,,,
LMND,,,,,
LMNL,,,,,
LMNR,,,,,
LMST,,,,,
LMT,,,,,
LNC,,,,,
LNC-PD,,,,,
LND,,,,,
LNG,,,,,
LNKB,,,,,
LNN,,,,,
LNSR,,,,,
LNT,,,,,
LNTH,,,,,
LNW,,,,,
LOAN,,,,,
LOB,,,,,
LOCL,,,,,
LOCO,,,,,
LODE,,,,,
LOGI,,,,,
LOKM,,,,,
LOMA,,,,,
LOOP,,,,,
LOPE,,,,,
LOTZ,,,,,
LOTZW,,,,,
LOV,,,,,
LOVE,,,,,
LOW,,,,,
LPCN,,,,,
LPG,,,,,
LPI,,,,,
LPL,,,,,
LPLA,,,,,
LPRO,,,,,
LPSN,,,,,
LPTH,,,,,
LPTV,,,,,
LPTX,,,,,
LPX,,,,,
LQDA,,,,,
LQDT,,,,,
LRCX,,,,,
LRFC,,,,,
LRMR,,,,,
LRN,,,,,
LSAK,,,,,
LSBK,,,,,
LSCC,,,,,
LSEA,,,,,
LSEAW,,,,,
LSF,,,,,
LSI,,,,,
LSPD,,,,,
LSPR,,,,,
LSPRU,,,,,
LSPRW,,,,,
LSTA,,,,,
LSTR,,,,,
LSXMA,,,,,
LSXMB,,,,,
LSXMK,,,,,
LTBR,,,,,
LTC,,,,,
LTCH,,,,,
LTCHW,,,,,
LTH,,,,,
LTHM,,,,,
LTRN,,,,,
LTRPA,,,,,
LTRPB,,,,,
LTRX,,,,,
LTRY,,,,,
LTRYW,,,,,
LU,,,,,
LUCD,,,,,
LUCY,,,,,
LUCYW,,,,,
LULU,,,,,
LUMN,,,,,
LUMO,,,,,
LUNA,,,,,
LUNG,,,,,
LUV,,,,,
LUXH,,,,,
LVAC,,,,,
LVLU,,,,,
LVO,,,,,
LVOX,,,,,
LVOXU,,,,,
LVRA,,,,,
LVRAW,,,,,
LVS,,,,,
LVTX,,,,,
LVWR,,,,,
LW,,,,,
LWAY,,,,,
LWLG,,,,,
LX,,,,,
LXEH,,,,,
LXFR,,,,,
LXP,,,,,
LXP-PC,,,,,
LXRX,,,,,
LXU,,,,,
LYB,,,,,
LYEL,,,,,
LYFT,,,,,
LYG,,,,,
LYL,,,,,
LYLT,,,,,
LYRA,,,,,
LYT,,,,,
LYTS,,,,,
LYV,,,,,
LZ,,,,,
LZB,,,,,
M,,,,,
MA,,,,,
MAA,,,,,
MAA-PI,,,,,
MAC,,,,,
MACA,,,,,
MACC,,,,,
MACK,,,,,
MAG,,,,,
MAIA,,,,,
MAIN,,,,,
MAN,,,,,
MANH,,,,,
MANU,,,,,
MAPS,,,,,
MAPSW,,,,,
MAQC,,,,,
MAQCW,,,,,
MAR,,,,,
MARA,,,,,
MARK,,,,,
MARPS,,,,,
MAS,,,,,
MASI,,,,,
MASS,,,,,
MAT,,,,,
MATV,,,,,
MATW,,,,,
MATX,,,,,
MAV,,,,,
MAX,,,,,
MAXN,,,,,
MAXR,,,,,
MAYS,,,,,
MBAC,,,,,
MBCN,,,,,
MBI,,,,,
MBIN,,,,,
MBINM,,,,,
MBINN,,,,,
MBINO,,,,,
MBINP,,,,,
MBIO,,,,,
MBLY,,,,,
MBNKP,,,,,
MBOT,,,,,
MBRX,,,,,
MBSC,,,,,
MBTC,,,,,
MBTCU,,,,,
MBUU,,,,,
MBWM,,,,,
MC,,,,,
MCAA,,,,,
MCAC,,,,,
MCACR,,,,,
MCAE,,,,,
MCAF,,,,,
MCAFR,,,,,
MCAG,,,,,
MCB,,,,,
MCBC,,,,,
MCBS,,,,,
MCD,,,,,
MCFT,,,,,
MCG,,,,,
MCHP,,,,,
MCHX,,,,,
MCI,,,,,
MCK,,,,,
MCLD,,,,,
MCN,,,,,
MCO,,,,,
MCR,,,,,
MCRB,,,,,
MCRI,,,,,
MCS,,,,,
MCVT,,,,,
MCW,,,,,
MCY,,,,,
MD,,,,,
MDB,,,,,
MDC,,,,,
MDGL,,,,,
MDGS,,,,,
MDGSW,,,,,
MDH,,,,,
MDIA,,,,,
MDJH,,,,,
MDLZ,,,,,
MDNA,,,,,
MDRR,,,,,
MDRRP,,,,,
MDRX,,,,,
MDT,,,,,
MDU,,,,,
MDV,,,,,
MDV-PA,,,,,
MDVL,,,,,
MDWD,,,,,
MDWT,,,,,
MDXG,,,,,
MDXH,,,,,
ME,,,,,
MEAC,,,,,
MEC,,,,,
MED,,,,,
MEDP,,,,,
MEDS,,,,,
MEG,,,,,
MEGI,,,,,
MEGL,,,,,
MEI,,,,,
MEIP,,,,,
MEKA,,,,,
MELI,,,,,
MEOA,,,,,
MEOAW,,,,,
MEOH,,,,,
MER-PK,,,,,
MERC,,,,,
MESA,,,,,
MESO,,,,,
MET,,,,,
MET-PA,,,,,
MET-PE,,,,,
MET-PF,,,,,
META,,,,,
METC,,,,,
METCL,,,,,
METX,,,,,
MF,,,,,
MFA,,,,,
MFA-PB,,,,,
MFA-PC,,,,,
MFC,,,,,
MFD,,,,,
MFG,,,,,
MFGP,,,,,
MFH,,,,,
MFIC,,,,,
MFIN,,,,,
MFM,,,,,
MFV,,,,,
MG,,,,,
MGA,,,,,
MGAM,,,,,
MGEE,,,,,
MGF,,,,,
MGI,,,,,
MGIC,,,,,
MGLD,,,,,
MGM,,,,,
MGNI,,,,,
MGNX,,,,,
MGPI,,,,,
MGR,,,,,
MGRB,,,,,
MGRC,,,,,
MGRD,,,,,
MGTA,,,,,
MGTX,,,,,
MGU,,,,,
MGY,,,,,
MGYR,,,,,
MH-PA,,,,,
MH-PC,,,,,
MH-PD,,,,,
MHD,,,,,
MHF,,,,,
MHH,,,,,
MHI,,,,,
MHK,,,,,
MHLA,,,,,
MHLD,,,,,
MHN,,,,,
MHNC,,,,,
MHO,,,,,
MHUA,,,,,
MICS,,,,,
MICT,,,,,
MIDD,,,,,
MIGI,,,,,
MIMO,,,,,
MIN,,,,,
MIND,,,,,
MINDP,,,,,
MINM,,,,,
MIO,,,,,
MIR,,,,,
MIRM,,,,,
MIRO,,,,,
MIST,,,,,
MIT,,,,,
MITA,,,,,
MITAU,,,,,
MITK,,,,,
MITQ,,,,,
MITT,,,,,
MITT-PA,,,,,
MITT-PB,,,,,
MITT-PC,,,,,
MIXT,,,,,
MIY,,,,,
MKC,,,,,
MKFG,,,,,
MKL,,,,,
MKSI,,,,,
MKTW,,,,,
MKTX,,,,,
ML,,,,,
MLAB,,,,,
MLAC,,,,,
MLACW,,,,,
MLAI,,,,,
MLAIU,,,,,
MLAIW,,,,,
MLCO,,,,,
MLI,,,,,
MLKN,,,,,
MLM,,,,,
MLNK,,,,,
MLP,,,,,
MLR,,,,,
MLSS,,,,,
MLTX,,,,,
MLVF,,,,,
MMAT,,,,,
MMC,,,,,
MMD,,,,,
MMI,,,,,
MMLP,,,,,
MMM,,,,,
MMMB,,,,,
MMP,,,,,
MMS,,,,,
MMSI,,,,,
MMT,,,,,
MMU,,,,,
MMX,,,,,
MMYT,,,,,
MNDO,,,,,
MNDY,,,,,
MNK,,,,,
MNKD,,,,,
MNMD,,,,,
MNOV,,,,,
MNP,,,,,
MNPR,,,,,
MNRL,,,,,
MNRO,,,,,
MNSB,,,,,
MNSBP,,,,,
MNSO,,,,,
MNST,,,,,
MNTK,,,,,
MNTN,,,,,
MNTS,,,,,
MNTSW,,,,,
MNTV,,,,,
MNTX,,,,,
MO,,,,,
MOB,,,,,
MOBBW,,,,,
MOBQ,,,,,
MOBV,,,,,
MOBVW,,,,,
MOD,,,,,
MODD,,,,,
MODG,,,,,
MODN,,,,,
MODV,,,,,
MOFG,,,,,
MOGO,,,,,
MOGU,,,,,
MOH,,,,,
MOLN,,,,,
MOMO,,,,,
MON,,,,,
MOND,,,,,
MOR,,,,,
MORF,,,,,
MORN,,,,,
MOS,,,,,
MOTS,,,,,
MOV,,,,,
MOVE,,,,,
MOXC,,,,,
MP,,,,,
MPA,,,,,
MPAA,,,,,
MPAC,,,,,
MPACR,,,,,
MPB,,,,,
MPC,,,,,
MPLN,,,,,
MPLX,,,,,
MPRA,,,,,
MPRAU,,,,,
MPTI,,,,,
MPV,,,,,
MPW,,,,,
MPWR,,,,,
MPX,,,,,
MQ,,,,,
MQT,,,,,
MQY,,,,,
MRAI,,,,,
MRAM,,,,,
MRBK,,,,,
MRC,,,,,
MRCC,,,,,
MRCY,,,,,
MREO,,,,,
MRIN,,,,,
MRK,,,,,
MRKR,,,,,
MRM,,,,,
MRNA,,,,,
MRNS,,,,,
MRO,,,,,
MRSN,,,,,
MRTN,,,,,
MRTX,,,,,
MRUS,,,,,
MRVI,,,,,
MRVL,,,,,
MS,,,,,
MS-PA,,,,,
MS-PE,,,,,
MS-PF,,,,,
MS-PI,,,,,
MS-PK,,,,,
MS-PL,,,,,
MS-PO,,,,,
MS-PP,,,,,
MSA,,,,,
MSAC,,,,,
MSB,,,,,
MSBI,,,,,
MSBIP,,,,,
MSC,,,,,
MSCI,,,,,
MSD,,,,,
MSDA,,,,,
MSDAU,,,,,
MSDAW,,,,,
MSEX,,,,,
MSFT,,,,,
MSGE,,,,,
MSGM,,,,,
MSGS,,,,,
MSI,,,,,
MSM,,,,,
MSN,,,,,
MSPR,,,,,
MSPRW,,,,,
MSPRZ,,,,,
MSSAW,,,,,
MSTR,,,,,
MSVB,,,,,
MT,,,,,
MTA,,,,,
MTAC,,,,,
MTACU,,,,,
MTACW,,,,,
MTAL,,,,,
MTB,,,,,
MTB-PH,,,,,
MTBC,,,,,
MTBCO,,,,,
MTBCP,,,,,
MTC,,,,,
MTCH,,,,,
MTCN,,,,,
MTCR,,,,,
MTD,,,,,
MTDR,,,,,
MTEK,,,,,
MTEKW,,,,,
MTEM,,,,,
MTEX,,,,,
MTG,,,,,
MTH,,,,,
MTLS,,,,,
MTMT,,,,,
MTN,,,,,
MTNB,,,,,
MTP,,,,,
MTR,,,,,
MTRN,,,,,
MTRX,,,,,
MTRY,,,,,
MTRYU,,,,,
MTRYW,,,,,
MTSI,,,,,
MTTR,,,,,
MTVC,,,,,
MTW,,,,,
MTX,,,,,
MTZ,,,,,
MU,,,,,
MUA,,,,,
MUC,,,,,
MUE,,,,,
MUFG,,,,,
MUI,,,,,
MUJ,,,,,
MULN,,,,,
MUR,,,,,
MURF,,,,,
MURFW,,,,,
MUSA,,,,,
MUX,,,,,
MVBF,,,,,
MVF,,,,,
MVIS,,,,,
MVO,,,,,
MVST,,,,,
MVSTW,,,,,
MVT,,,,,
MWA,,,,,
MX,,,,,
MXC,,,,,
MXCT,,,,,
MXE,,,,,
MXF,,,,,
MXL,,,,,
MYD,,,,,
MYE,,,,,
MYFW,,,,,
MYGN,,,,,
MYI,,,,,
MYMD,,,,,
MYN,,,,,
MYNA,,,,,
MYNZ,,,,,
MYO,,,,,
MYOV,,,,,
MYPS,,,,,
MYPSW,,,,,
MYRG,,,,,
MYSZ,,,,,
MYTE,,,,,
NA,,,,,
NAAC,,,,,
NAAS,,,,,
NABL,,,,,
NAC,,,,,
NAD,,,,,
NAII,,,,,
NAK,,,,,
NAMS,,,,,
NAMSW,,,,,
NAN,,,,,
NAOV,,,,,
NAPA,,,,,
NARI,,,,,
NAT,,,,,
NATH,,,,,
NATI,,,,,
NATR,,,,,
NAUT,,,,,
NAVB,,,,,
NAVI,,,,,
NAZ,,,,,
NBB,,,,,
NBH,,,,,
NBHC,,,,,
NBIX,,,,,
NBN,,,,,
NBO,,,,,
NBR,,,,,
NBRV,,,,,
NBSE,,,,,
NBST,,,,,
NBTB,,,,,
NBTX,,,,,
NBW,,,,,
NBXG,,,,,
NBY,,,,,
NC,,,,,
NCA,,,,,
NCAC,,,,,
NCACW,,,,,
NCLH,,,,,
NCMI,,,,,
NCNA,,,,,
NCNO,,,,,
NCPL,,,,,
NCPLW,,,,,
NCR,,,,,
NCRA,,,,,
NCSM,,,,,
NCTY,,,,,
NCV,,,,,
NCV-PA,,,,,
NCZ,,,,,
NCZ-PA,,,,,
NDAC,,,,,
NDACU,,,,,
NDACW,,,,,
NDAQ,,,,,
NDLS,,,,,
NDMO,,,,,
NDP,,,,,
NDRA,,,,,
NDSN,,,,,
NE,,,,,
NEA,,,,,
NECB,,,,,
NEE,,,,,
NEE-PN,,,,,
NEE-PP,,,,,
NEE-PQ,,,,,
NEE-PR,,,,,
NEGG,,,,,
NEM,,,,,
NEN,,,,,
NEO,,,,,
NEOG,,,,,
NEON,,,,,
NEOV,,,,,
NEP,,,,,
NEPH,,,,,
NEPT,,,,,
NERV,,,,,
NESR,,,,,
NESRW,,,,,
NET,,,,,
NETC,,,,,
NETI,,,,,
NEU,,,,,
NEWP,,,,,
NEWR,,,,,
NEWT,,,,,
NEWTL,,,,,
NEWTZ,,,,,
NEX,,,,,
NEXA,,,,,
NEXI,,,,,
NEXT,,,,,
NFBK,,,,,
NFE,,,,,
NFG,,,,,
NFGC,,,,,
NFJ,,,,,
NFLX,,,,,
NFNT,,,,,
NFYS,,,,,
NG,,,,,
NGC,,,,,
NGD,,,,,
NGG,,,,,
NGL,,,,,
NGL-PB,,,,,
NGL-PC,,,,,
NGM,,,,,
NGMS,,,,,
NGS,,,,,
NGVC,,,,,
NGVT,,,,,
NH,,,,,
NHC,,,,,
NHI,,,,,
NHIC,,,,,
NHICU,,,,,
NHS,,,,,
NHTC,,,,,
NHWK,,,,,
NI,,,,,
NI-PB,,,,,
NIC,,,,,
NICE,,,,,
NICK,,,,,
NID,,,,,
NIE,,,,,
NILE,,,,,
NILE-PD,,,,,
NIM,,,,,
NIMC,,,,,
NINE,,,,,
NIO,,,,,
NIQ,,,,,
NISN,,,,,
NIU,,,,,
NJR,,,,,
NKE,,,,,
NKG,,,,,
NKLA,,,,,
NKSH,,,,,
NKTR,,,,,
NKTX,,,,,
NKX,,,,,
NL,,,,,
NLS,,,,,
NLSP,,,,,
NLSPW,,,,,
NLTX,,,,,
NLY,,,,,
NLY-PF,,,,,
NLY-PG,,,,,
NLY-PI,,,,,
NM,,,,,
NM-PG,,,,,
NM-PH,,,,,
NMAI,,,,,
NMCO,,,,,
NMFC,,,,,
NMG,,,,,
NMI,,,,,
NMIH,,,,,
NMK-PB,,,,,
NMK-PC,,,,,
NML,,,,,
NMM,,,,,
NMR,,,,,
NMRD,,,,,
NMRK,,,,,
NMS,,,,,
NMT,,,,,
NMTC,,,,,
NMTR,,,,,
NMZ,,,,,
NN,,,,,
NNAVW,,,,,
NNBR,,,,,
NNDM,,,,,
NNI,,,,,
NNN,,,,,
NNOX,,,,,
NNVC,,,,,
NNY,,,,,
NOA,,,,,
NOAH,,,,,
NOC,,,,,
NODK,,,,,
NOG,,,,,
NOGN,,,,,
NOGNW,,,,,
NOK,,,,,
NOM,,,,,
NOMD,,,,,
NOTE,,,,,
NOTV,,,,,
NOV,,,,,
NOVA,,,,,
NOVN,,,,,
NOVT,,,,,
NOVV,,,,,
NOVVW,,,,,
NOW,,,,,
NPAB,,,,,
NPABW,,,,,
NPCE,,,,,
NPCT,,,,,
NPFD,,,,,
NPK,,,,,
NPO,,,,,
NPV,,,,,
NQP,,,,,
NR,,,,,
NRAC,,,,,
NRBO,,,,,
NRC,,,,,
NRDS,,,,,
NRDY,,,,,
NREF,,,,,
NREF-PA,,,,,
NRG,,,,,
NRGV,,,,,
NRGX,,,,,
NRIM,,,,,
NRIX,,,,,
NRK,,,,,
NRO,,,,,
NRP,,,,,
NRSN,,,,,
NRT,,,,,
NRUC,,,,,
NRXP,,,,,
NRXPW,,,,,
NS,,,,,
NS-PA,,,,,
NS-PB,,,,,
NS-PC,,,,,
NSA,,,,,
NSA-PA,,,,,
NSC,,,,,
NSIT,,,,,
NSL,,,,,
NSP,,,,,
NSPR,,,,,
NSS,,,,,
NSSC,,,,,
NSTB,,,,,
NSTC,,,,,
NSTD,,,,,
NSTG,,,,,
NSTS,,,,,
NSYS,,,,,
NTAP,,,,,
NTB,,,,,
NTCO,,,,,
NTCT,,,,,
NTES,,,,,
NTG,,,,,
NTGR,,,,,
NTIC,,,,,
NTIP,,,,,
NTLA,,,,,
NTNX,,,,,
NTR,,,,,
NTRA,,,,,
NTRB,,,,,
NTRS,,,,,
NTRSO,,,,,
NTST,,,,,
NTWK,,,,,
NTZ,,,,,
NU,,,,,
NUBI,,,,,
NUBIU,,,,,
NUBIW,,,,,
NUE,,,,,
NUO,,,,,
NURO,,,,,
NUS,,,,,
NUTX,,,,,
NUV,,,,,
NUVA,,,,,
NUVB,,,,,
NUVL,,,,,
NUW,,,,,
NUWE,,,,,
NUZE,,,,,
NVAC,,,,,
NVACR,,,,,
NVAX,,,,,
NVCN,,,,,
NVCR,,,,,
NVCT,,,,,
NVDA,,,,,
NVEC,,,,,
NVEE,,,,,
NVEI,,,,,
NVFY,,,,,
NVG,,,,,
NVGS,,,,,
NVIV,,,,,
NVMI,,,,,
NVNO,,,,,
NVNOW,,,,,
NVO,,,,,
NVOS,,,,,
NVR,,,,,
NVRO,,,,,
NVS,,,,,
NVSA,,,,,
NVSAU,,,,,
NVSAW,,,,,
NVST,,,,,
NVT,,,,,
NVTA,,,,,
NVTS,,,,,
NVVE,,,,,
NVVEW,,,,,
NVX,,,,,
NWBI,,,,,
NWE,,,,,
NWFL,,,,,
NWG,,,,,
NWL,,,,,
NWLI,,,,,
NWN,,,,,
NWPX,,,,,
NWS,,,,,
NWSA,,,,,
NWTN,,,,,
NWTNW,,,,,
NX,,,,,
NXC,,,,,
NXDT,,,,,
NXDT-PA,,,,,
NXE,,,,,
NXG,,,,,
NXGL,,,,,
NXGLW,,,,,
NXGN,,,,,
NXJ,,,,,
NXL,,,,,
NXLIW,,,,,
NXN,,,,,
NXP,,,,,
NXPI,,,,,
NXPL,,,,,
NXPLW,,,,,
NXRT,,,,,
NXST,,,,,
NXTC,,,,,
NXTP,,,,,
NYAX,,,,,
NYC,,,,,
NYCB,,,,,
NYCB-PA,,,,,
NYCB-PU,,,,,
NYMT,,,,,
NYMTL,,,,,
NYMTM,,,,,
NYMTN,,,,,
NYMTZ,,,,,
NYMX,,,,,
NYT,,,,,
NYXH,,,,,
NZF,,,,,
O,,,,,
OABI,,,,,
OABIW,,,,,
OAK-PA,,,,,
OAK-PB,,,,,
OB,,,,,
OBE,,,,,
OBLG,,,,,
OBNK,,,,,
OBSV,,,,,
OBT,,,,,
OC,,,,,
OCAX,,,,,
OCAXU,,,,,
OCAXW,,,,,
OCC,,,,,
OCCI,,,,,
OCCIN,,,,,
OCCIO,,,,,
OCFC,,,,,
OCFCP,,,,,
OCFT,,,,,
OCG,,,,,
OCGN,,,,,
OCN,,,,,
OCSL,,,,,
OCUL,,,,,
OCUP,,,,,
OCX,,,,,
ODC,,,,,
ODFL,,,,,
ODP,,,,,
ODV,,,,,
OEC,,,,,
OEPW,,,,,
OEPWU,,,,,
OEPWW,,,,,
OESX,,,,,
OFC,,,,,
OFED,,,,,
OFG,,,,,
OFIX,,,,,
OFLX,,,,,
OFS,,,,,
OFSSH,,,,,
OG,,,,,
OGE,,,,,
OGEN,,,,,
OGI,,,,,
OGN,,,,,
OGS,,,,,
OHAA,,,,,
OHI,,,,,
OI,,,,,
OIA,,,,,
OIG,,,,,
OII,,,,,
OIIM,,,,,
OIS,,,,,
OKE,,,,,
OKTA,,,,,
OKYO,,,,,
OLB,,,,,
OLED,,,,,
OLIT,,,,,
OLITW,,,,,
OLK,,,,,
OLLI,,,,,
OLMA,,,,,
OLN,,,,,
OLO,,,,,
OLP,,,,,
OLPX,,,,,
OM,,,,,
OMAB,,,,,
OMC,,,,,
OMCL,,,,,
OMEG,,,,,
OMER,,,,,
OMEX,,,,,
OMF,,,,,
OMGA,,,,,
OMI,,,,,
OMIC,,,,,
OMQS,,,,,
ON,,,,,
ONB,,,,,
ONBPO,,,,,
ONBPP,,,,,
ONCR,,,,,
ONCS,,,,,
ONCT,,,,,
ONCY,,,,,
ONDS,,,,,
ONEM,,,,,
ONEW,,,,,
ONFO,,,,,
ONFOW,,,,,
ONL,,,,,
ONON,,,,,
ONTF,,,,,
ONTO,,,,,
ONTX,,,,,
ONVO,,,,,
ONYX,,,,,
ONYXU,,,,,
ONYXW,,,,,
OOMA,,,,,
OP,,,,,
OPA,,,,,
OPAD,,,,,
OPAL,,,,,
OPALW,,,,,
OPBK,,,,,
OPCH,,,,,
OPEN,,,,,
OPFI,,,,,
OPGN,,,,,
OPHC,,,,,
OPI,,,,,
OPINL,,,,,
OPK,,,,,
OPNT,,,,,
OPOF,,,,,
OPP,,,,,
OPP-PA,,,,,
OPP-PB,,,,,
OPRA,,,,,
OPRT,,,,,
OPRX,,,,,
OPT,,,,,
OPTN,,,,,
OPTT,,,,,
OPY,,,,,
OR,,,,,
ORA,,,,,
ORAN,,,,,
ORC,,,,,
ORCC,,,,,
ORCL,,,,,
ORGN,,,,,
ORGNW,,,,,
ORGO,,,,,
ORGS,,,,,
ORI,,,,,
ORIA,,,,,
ORIAU,,,,,
ORIAW,,,,,
ORIC,,,,,
ORLA,,,,,
ORLY,,,,,
ORMP,,,,,
ORN,,,,,
ORRF,,,,,
ORTX,,,,,
OSBC,,,,,
OSCR,,,,,
OSG,,,,,
OSH,,,,,
OSI,,,,,
OSIS,,,,,
OSK,,,,,
OSPN,,,,,
OSS,,,,,
OST,,,,,
OSTK,,,,,
OSTR,,,,,
OSTRU,,,,,
OSTRW,,,,,
OSUR,,,,,
OSW,,,,,
OTEC,,,,,
OTECW,,,,,
OTEX,,,,,
OTIC,,,,,
OTIS,,,,,
OTLK,,,,,
OTLY,,,,,
OTMO,,,,,
OTMOW,,,,,
OTRK,,,,,
OTRKP,,,,,
OTTR,,,,,
OUST,,,,,
OUT,,,,,
OVBC,,,,,
OVID,,,,,
OVLY,,,,,
OVV,,,,,
OWL,,,,,
OWLT,,,,,
OXAC,,,,,
OXBR,,,,,
OXBRW,,,,,
OXLC,,,,,
OXLCL,,,,,
OXLCM,,,,,
OXLCN,,,,,
OXLCO,,,,,
OXLCP,,,,,
OXLCZ,,,,,
OXM,,,,,
OXSQ,,,,,
OXSQG,,,,,
OXSQL,,,,,
OXSQZ,,,,,
OXUS,,,,,
OXUSU,,,,,
OXUSW,,,,,
OXY,,,,,
OYST,,,,,
OZ,,,,,
OZK,,,,,
OZKAP,,,,,
PAA,,,,,
PAAS,,,,,
PAC,,,,,
PACB,,,,,
PACI,,,,,
PACK,,,,,
PACW,,,,,
PACWP,,,,,
PACX,,,,,
PACXU,,,,,
PAFO,,,,,
PAFOR,,,,,
PAFOU,,,,,
PAG,,,,,
PAGP,,,,,
PAGS,,,,,
PAHC,,,,,
PAI,,,,,
PALI,,,,,
PALT,,,,,
PAM,,,,,
PANA,,,,,
PANL,,,,,
PANW,,,,,
PAR,,,,,
PARA,,,,,
PARAA,,,,,
PARAP,,,,,
PARR,,,,,
PASG,,,,,
PATH,,,,,
PATI,,,,,
PATK,,,,,
PAVM,,,,,
PAVMZ,,,,,
PAX,,,,,
PAXS,,,,,
PAY,,,,,
PAYA,,,,,
PAYC,,,,,
PAYO,,,,,
PAYOW,,,,,
PAYS,,,,,
PAYX,,,,,
PB,,,,,
PBA,,,,,
PBAX,,,,,
PBAXU,,,,,
PBBK,,,,,
PBF,,,,,
PBFS,,,,,
PBH,,,,,
PBHC,,,,,
PBI,,,,,
PBI-PB,,,,,
PBLA,,,,,
PBPB,,,,,
PBR,,,,,
PBT,,,,,
PBTS,,,,,
PBYI,,,,,
PCAR,,,,,
PCB,,,,,
PCF,,,,,
PCG,,,,,
PCG-PA,,,,,
PCG-PB,,,,,
PCG-PC,,,,,
PCG-PD,,,,,
PCG-PH,,,,,
PCG-PI,,,,,
PCGU,,,,,
PCH,,,,,
PCK,,,,,
PCM,,,,,
PCN,,,,,
PCOR,,,,,
PCPC,,,,,
PCQ,,,,,
PCRX,,,,,
PCSA,,,,,
PCSB,,,,,
PCT,,,,,
PCTI,,,,,
PCTTW,,,,,
PCTY,,,,,
PCVX,,,,,
PCYG,,,,,
PCYO,,,,,
PD,,,,,
PDCE,,,,,
PDCO,,,,,
PDD,,,,,
PDEX,,,,,
PDFS,,,,,
PDI,,,,,
PDLB,,,,,
PDM,,,,,
PDO,,,,,
PDOT,,,,,
PDS,,,,,
PDSB,,,,,
PDT,,,,,
PEAK,,,,,
PEAR,,,,,
PEARW,,,,,
PEB,,,,,
PEB-PE,,,,,
PEB-PF,,,,,
PEB-PG,,,,,
PEB-PH,,,,,
PEBK,,,,,
PEBO,,,,,
PECO,,,,,
PED,,,,,
PEG,,,,,
PEGA,,,,,
PEGR,,,,,
PEGRU,,,,,
PEGRW,,,,,
PEGY,,,,,
PEI,,,,,
PEI-PB,,,,,
PEI-PC,,,,,
PEI-PD,,,,,
PEN,,,,,
PENN,,,,,
PEO,,,,,
PEP,,,,,
PEPG,,,,,
PEPL,,,,,
PERF,,,,,
PERI,,,,,
PESI,,,,,
PET,,,,,
PETQ,,,,,
PETS,,,,,
PETV,,,,,
PETZ,,,,,
PEV,,,,,
PFBC,,,,,
PFC,,,,,
PFD,,,,,
PFDR,,,,,
PFDRW,,,,,
PFE,,,,,
PFG,,,,,
PFGC,,,,,
PFH,,,,,
PFHD,,,,,
PFIE,,,,,
PFIN,,,,,
PFIS,,,,,
PFL,,,,,
PFLT,,,,,
PFMT,,,,,
PFN,,,,,
PFO,,,,,
PFS,,,,,
PFSI,,,,,
PFSW,,,,,
PFTA,,,,,
PFTAU,,,,,
PFTAW,,,,,
PFX,,,,,
PFXNL,,,,,
PFXNZ,,,,,
PG,,,,,
PGC,,,,,
PGEN,,,,,
PGNY,,,,,
PGP,,,,,
PGR,,,,,
PGRE,,,,,
PGRU,,,,,
PGRW,,,,,
PGSS,,,,,
PGTI,,,,,
PGY,,,,,
PGYWW,,,,,
PGZ,,,,,
PH,,,,,
PHAR,,,,,
PHAT,,,,,
PHCF,,,,,
PHD,,,,,
PHG,,,,,
PHGE,,,,,
PHI,,,,,
PHIO,,,,,
PHK,,,,,
PHM,,,,,
PHR,,,,,
PHT,,,,,
PHUN,,,,,
PHUNW,,,,,
PHVS,,,,,
PHX,,,,,
PHYT,,,,,
PI,,,,,
PIAI,,,,,
PICC,,,,,
PII,,,,,
PIII,,,,,
PIIIW,,,,,
PIK,,,,,
PIM,,,,,
PINC,,,,,
PINE,,,,,
PINS,,,,,
PIPR,,,,,
PIRS,,,,,
PIXY,,,,,
PJT,,,,,
PK,,,,,
PKBK,,,,,
PKBO,,,,,
PKBOW,,,,,
PKE,,,,,
PKG,,,,,
PKI,,,,,
PKOH,,,,,
PKX,,,,,
PL,,,,,
PLAB,,,,,
PLAG,,,,,
PLAO,,,,,
PLAOU,,,,,
PLAY,,,,,
PLBC,,,,,
PLBY,,,,,
PLCE,,,,,
PLD,,,,,
PLG,,,,,
PLL,,,,,
PLM,,,,,
PLMI,,,,,
PLMIU,,,,,
PLMIW,,,,,
PLMR,,,,,
PLNT,,,,,
PLOW,,,,,
PLPC,,,,,
PLRX,,,,,
PLSE,,,,,
PLTK,,,,,
PLTNU,,,,,
PLTR,,,,,
PLUG,,,,,
PLUR,,,,,
PLUS,,,,,
PLX,,,,,
PLXP,,,,,
PLXS,,,,,
PLYA,,,,,
PLYM,,,,,
PLYM-PA,,,,,
PM,,,,,
PMCB,,,,,
PMD,,,,,
PME,,,,,
PMF,,,,,
PMGM,,,,,
PML,,,,,
PMM,,,,,
PMN,,,,,
PMO,,,,,
PMT,,,,,
PMT-PA,,,,,
PMT-PB,,,,,
PMT-PC,,,,,
PMTS,,,,,
PMVP,,,,,
PMX,,,,,
PNBK,,,,,
PNC,,,,,
PNF,,,,,
PNFP,,,,,
PNFPP,,,,,
PNI,,,,,
PNM,,,,,
PNNT,,,,,
PNR,,,,,
PNRG,,,,,
PNT,,,,,
PNTG,,,,,
PNTM,,,,,
PNW,,,,,
POAI,,,,,
POCI,,,,,
PODD,,,,,
POET,,,,,
POL,,,,,
POLA,,,,,
POND,,,,,
PONO,,,,,
PONOW,,,,,
POOL,,,,,
POR,,,,,
PORT,,,,,
POSH,,,,,
POST,,,,,
POW,,,,,
POWI,,,,,
POWL,,,,,
POWRW,,,,,
POWW,,,,,
POWWP,,,,,
PPBI,,,,,
PPBT,,,,,
PPC,,,,,
PPG,,,,,
PPHP,,,,,
PPHPU,,,,,
PPHPW,,,,,
PPIH,,,,,
PPL,,,,,
PPSI,,,,,
PPT,,,,,
PPTA,,,,,
PPYA,,,,,
PR,,,,,
PRA,,,,,
PRAA,,,,,
PRAX,,,,,
PRBM,,,,,
PRCH,,,,,
PRCT,,,,,
PRDO,,,,,
PRDS,,,,,
PRE,,,,,
PRE-PJ,,,,,
PRFT,,,,,
PRFX,,,,,
PRG,,,,,
PRGO,,,,,
PRGS,,,,,
PRH,,,,,
PRI,,,,,
PRIF-PD,,,,,
PRIF-PF,,,,,
PRIF-PG,,,,,
PRIF-PH,,,,,
PRIF-PI,,,,,
PRIF-PJ,,,,,
PRIF-PK,,,,,
PRIF-PL,,,,,
PRIM,,,,,
PRK,,,,,
PRLB,,,,,
PRLD,,,,,
PRLH,,,,,
PRLHU,,,,,
PRM,,,,,
PRME,,,,,
PRMW,,,,,
PRO,,,,,
PROC,,,,,
PROCW,,,,,
PROF,,,,,
PROK,,,,,
PROV,,,,,
PRPC,,,,,
PRPH,,,,,
PRPL,,,,,
PRPO,,,,,
PRQR,,,,,
PRS,,,,,
PRSO,,,,,
PRSR,,,,,
PRSRU,,,,,
PRSRW,,,,,
PRST,,,,,
PRSTW,,,,,
PRT,,,,,
PRTA,,,,,
PRTC,,,,,
PRTG,,,,,
PRTH,,,,,
PRTK,,,,,
PRTS,,,,,
PRTY,,,,,
PRU,,,,,
PRVA,,,,,
PRVB,,,,,
PSA,,,,,
PSA-PF,,,,,
PSA-PG,,,,,
PSA-PH,,,,,
PSA-PI,,,,,
PSA-PJ,,,,,
PSA-PK,,,,,
PSA-PL,,,,,
PSA-PM,,,,,
PSA-PN,,,,,
PSA-PO,,,,,
PSA-PP,,,,,
PSA-PQ,,,,,
PSA-PR,,,,,
PSA-PS,,,,,
PSAG,,,,,
PSAGU,,,,,
PSB-PX,,,,,
PSB-PY,,,,,
PSB-PZ,,,,,
PSEC,,,,,
PSEC-PA,,,,,
PSF,,,,,
PSFE,,,,,
PSHG,,,,,
PSMT,,,,,
PSN,,,,,
PSNL,,,,,
PSNY,,,,,
PSNYW,,,,,
PSO,,,,,
PSPC,,,,,
PSTG,,,,,
PSTL,,,,,
PSTV,,,,,
PSTX,,,,,
PSX,,,,,
PT,,,,,
PTA,,,,,
PTC,,,,,
PTCT,,,,,
PTE,,,,,
PTEN,,,,,
PTGX,,,,,
PTIX,,,,,
PTIXW,,,,,
PTLO,,,,,
PTMN,,,,,
PTN,,,,,
PTNR,,,,,
PTOC,,,,,
PTOCW,,,,,
PTON,,,,,
PTPI,,,,,
PTRA,,,,,
PTRS,,,,,
PTSI,,,,,
PTVE,,,,,
PTWOW,,,,,
PTY,,,,,
PUBM,,,,,
PUCK,,,,,
PUCKW,,,,,
PUK,,,,,
PULM,,,,,
PUMP,,,,,
PUYI,,,,,
PV,,,,,
PVBC,,,,,
PVH,,,,,
PVL,,,,,
PW,,,,,
PW-PA,,,,,
PWFL,,,,,
PWOD,,,,,
PWP,,,,,
PWR,,,,,
PWSC,,,,,
PWUP,,,,,
PWUPU,,,,,
PWUPW,,,,,
PX,,,,,
PXD,,,,,
PXLW,,,,,
PXMD,,,,,
PXS,,,,,
PXSAP,,,,,
PXSAW,,,,,
PYCR,,,,,
PYN,,,,,
PYPD,,,,,
PYPL,,,,,
PYR,,,,,
PYXS,,,,,
PZC,,,,,
PZG,,,,,
PZZA,,,,,
QBTS,,,,,
QCOM,,,,,
QCRH,,,,,
QD,,,,,
QDEL,,,,,
QFIN,,,,,
QFTA,,,,,
QGEN,,,,,
QH,,,,,
QIPT,,,,,
QLGN,,,,,
QLI,,,,,
QLYS,,,,,
QMCO,,,,,
QNCX,,,,,
QNRX,,,,,
QNST,,,,,
QOMO,,,,,
QOMOR,,,,,
QOMOW,,,,,
QQQX,,,,,
QRHC,,,,,
QRTEA,,,,,
QRTEB,,,,,
QRTEP,,,,,
QRVO,,,,,
QS,,,,,
QSI,,,,,
QSIAW,,,,,
QSR,,,,,
QTEK,,,,,
QTEKW,,,,,
QTNT,,,,,
QTRX,,,,,
QTT,,,,,
QTWO,,,,,
QUAD,,,,,
QUBT,,,,,
QUIK,,,,,
QUMU,,,,,
QUOT,,,,,
QURE,,,,,
QVCC,,,,,
QVCD,,,,,
R,,,,,
RA,,,,,
RAAS,,,,,
RACB,,,,,
RACE,,,,,
RAD,,,,,
RADI,,,,,
RAIL,,,,,
RAIN,,,,,
RAM,,,,,
RAMMU,,,,,
RAMMW,,,,,
RAMP,,,,,
RAND,,,,,
RANI,,,,,
RAPT,,,,,
RARE,,,,,
RAVE,,,,,
RBA,,,,,
RBB,,,,,
RBBN,,,,,
RBC,,,,,
RBCAA,,,,,
RBCN,,,,,
RBCP,,,,,
RBKB,,,,,
RBLX,,,,,
RBOT,,,,,
RBT,,,,,
RC,,,,,
RC-PC,,,,,
RC-PE,,,,,
RCA,,,,,
RCAC,,,,,
RCACU,,,,,
RCAT,,,,,
RCB,,,,,
RCC,,,,,
RCEL,,,,,
RCFA,,,,,
RCG,,,,,
RCI,,,,,
RCII,,,,,
RCKT,,,,,
RCKY,,,,,
RCL,,,,,
RCLF,,,,,
RCLFU,,,,,
RCLFW,,,,,
RCM,,,,,
RCMT,,,,,
RCON,,,,,
RCRT,,,,,
RCRTW,,,,,
RCS,,,,,
RCUS,,,,,
RDCM,,,,,
RDFN,,,,,
RDHL,,,,,
RDI,,,,,
RDIB,,,,,
RDN,,,,,
RDNT,,,,,
RDVT,,,,,
RDW,,,,,
RDWR,,,,,
RDY,,,,,
RE,,,,,
REAL,,,,,
REAX,,,,,
REBN,,,,,
REE,,,,,
REED,,,,,
REFI,,,,,
REFR,,,,,
REG,,,,,
REGN,,,,,
REI,,,,,
REKR,,,,,
RELI,,,,,
RELL,,,,,
RELX,,,,,
RELY,,,,,
RENE,,,,,
RENEU,,,,,
RENEW,,,,,
RENN,,,,,
RENT,,,,,
REPL,,,,,
REPX,,,,,
RERE,,,,,
RES,,,,,
RETA,,,,,
RETO,,,,,
REUN,,,,,
REVB,,,,,
REVBU,,,,,
REVBW,,,,,
REVE,,,,,
REVEW,,,,,
REVG,,,,,
REVH,,,,,
REVHU,,,,,
REVHW,,,,,
REX,,,,,
REXR,,,,,
REXR-PB,,,,,
REXR-PC,,,,,
REYN,,,,,
REZI,,,,,
RF,,,,,
RF-PB,,,,,
RF-PC,,,,,
RF-PE,,,,,
RFAC,,,,,
RFACU,,,,,
RFI,,,,,
RFIL,,,,,
RFL,,,,,
RFM,,,,,
RFMZ,,,,,
RFP,,,,,
RGA,,,,,
RGC,,,,,
RGCO,,,,,
RGEN,,,,,
RGF,,,,,
RGLD,,,,,
RGLS,,,,,
RGNX,,,,,
RGP,,,,,
RGR,,,,,
RGS,,,,,
RGT,,,,,
RGTI,,,,,
RGTIW,,,,,
RH,,,,,
RHE,,,,,
RHE-PA,,,,,
RHI,,,,,
RHP,,,,,
RIBT,,,,,
RICK,,,,,
RIDE,,,,,
RIG,,,,,
RIGL,,,,,
RILY,,,,,
RILYG,,,,,
RILYK,,,,,
RILYL,,,,,
RILYM,,,,,
RILYN,,,,,
RILYO,,,,,
RILYP,,,,,
RILYT,,,,,
RILYZ,,,,,
RIO,,,,,
RIOT,,,,,
RITM,,,,,
RITM-PA,,,,,
RITM-PB,,,,,
RITM-PC,,,,,
RITM-PD,,,,,
RIV,,,,,
RIV-PA,,,,,
RIVN,,,,,
RJAC,,,,,
RJF,,,,,
RJF-PA,,,,,
RJF-PB,,,,,
RKDA,,,,,
RKLB,,,,,
RKLY,,,,,
RKT,,,,,
RKTA,,,,,
RL,,,,,
RLAY,,,,,
RLGT,,,,,
RLI,,,,,
RLJ,,,,,
RLJ-PA,,,,,
RLMD,,,,,
RLTY,,,,,
RLX,,,,,
RLYB,,,,,
RM,,,,,
RMAX,,,,,
RMBI,,,,,
RMBL,,,,,
RMBS,,,,,
RMCF,,,,,
RMD,,,,,
RMED,,,,,
RMGC,,,,,
RMGCU,,,,,
RMGCW,,,,,
RMI,,,,,
RMM,,,,,
RMMZ,,,,,
RMNI,,,,,
RMPL-P,,,,,
RMR,,,,,
RMT,,,,,
RMTI,,,,,
RNA,,,,,
RNAZ,,,,,
RNER,,,,,
RNERU,,,,,
RNERW,,,,,
RNG,,,,,
RNGR,,,,,
RNLX,,,,,
RNP,,,,,
RNR,,,,,
RNR-PF,,,,,
RNR-PG,,,,,
RNST,,,,,
RNW,,,,,
RNWK,,,,,
RNWWW,,,,,
RNXT,,,,,
ROAD,,,,,
ROC,,,,,
ROCAR,,,,,
ROCAU,,,,,
ROCC,,,,,
ROCG,,,,,
ROCGU,,,,,
ROCK,,,,,
ROCL,,,,,
ROG,,,,,
ROIC,,,,,
ROIV,,,,,
ROIVW,,,,,
ROK,,,,,
ROKU,,,,,
ROL,,,,,
RONI,,,,,
ROOT,,,,,
ROP,,,,,
ROSE,,,,,
ROSS,,,,,
ROST,,,,,
ROVR,,,,,
RPAY,,,,,
RPD,,,,,
RPHM,,,,,
RPID,,,,,
RPM,,,,,
RPRX,,,,,
RPT,,,,,
RPT-PD,,,,,
RPTX,,,,,
RQI,,,,,
RRAC,,,,,
RRBI,,,,,
RRC,,,,,
RRGB,,,,,
RRR,,,,,
RRX,,,,,
RS,,,,,
RSF,,,,,
RSG,,,,,
RSI,,,,,
RSKD,,,,,
RSLS,,,,,
RSSS,,,,,
RSVR,,,,,
RSVRW,,,,,
RTL,,,,,
RTLPO,,,,,
RTLPP,,,,,
RTO,,,,,
RTX,,,,,
RUBY,,,,,
RUM,,,,,
RUMBW,,,,,
RUN,,,,,
RUSHA,,,,,
RUSHB,,,,,
RUTH,,,,,
RVLP,,,,,
RVLV,,,,,
RVMD,,,,,
RVNC,,,,,
RVP,,,,,
RVPH,,,,,
RVPHW,,,,,
RVSB,,,,,
RVSN,,,,,
RVT,,,,,
RVYL,,,,,
RWAY,,,,,
RWAYL,,,,,
RWLK,,,,,
RWOD,,,,,
RWODR,,,,,
RWT,,,,,
RXDX,,,,,
RXO,,,,,
RXRA,,,,,
RXRAW,,,,,
RXRX,,,,,
RXST,,,,,
RXT,,,,,
RY,,,,,
RY-PT,,,,,
RYAAY,,,,,
RYAM,,,,,
RYAN,,,,,
RYI,,,,,
RYN,,,,,
RYTM,,,,,
RZA,,,,,
RZB,,,,,
RZC,,,,,
RZLT,,,,,
S,,,,,
SA,,,,,
SABR,,,,,
SABRP,,,,,
SABS,,,,,
SABSW,,,,,
SACC,,,,,
SACH,,,,,
SACH-PA,,,,,
SAFE,,,,,
SAFT,,,,,
SAGA,,,,,
SAGAR,,,,,
SAGE,,,,,
SAH,,,,,
SAI,,,,,
SAIA,,,,,
SAIC,,,,,
SAITW,,,,,
SAJ,,,,,
SAL,,,,,
SALM,,,,,
SAM,,,,,
SAMAU,,,,,
SAMG,,,,,
SAN,,,,,
SANA,,,,,
SAND,,,,,
SANG,,,,,
SANM,,,,,
SANW,,,,,
SAP,,,,,
SAR,,,,,
SASI,,,,,
SASR,,,,,
SAT,,,,,
SATL,,,,,
SATLW,,,,,
SATS,,,,,
SATX,,,,,
SAVA,,,,,
SAVE,,,,,
SB,,,,,
SB-PC,,,,,
SB-PD,,,,,
SBAC,,,,,
SBBA,,,,,
SBCF,,,,,
SBET,,,,,
SBEV,,,,,
SBFG,,,,,
SBFM,,,,,
SBFMW,,,,,
SBGI,,,,,
SBH,,,,,
SBI,,,,,
SBIG,,,,,
SBIGW,,,,,
SBLK,,,,,
SBNY,,,,,
SBNYP,,,,,
SBOW,,,,,
SBR,,,,,
SBRA,,,,,
SBS,,,,,
SBSI,,,,,
SBSW,,,,,
SBT,,,,,
SBUX,,,,,
SCAQ,,,,,
SCCB,,,,,
SCCC,,,,,
SCCD,,,,,
SCCE,,,,,
SCCF,,,,,
SCCG,,,,,
SCCO,,,,,
SCD,,,,,
SCE-PG,,,,,
SCE-PH,,,,,
SCE-PJ,,,,,
SCE-PK,,,,,
SCE-PL,,,,,
SCHL,,,,,
SCHN,,,,,
SCHW,,,,,
SCHW-PD,,,,,
SCHW-PJ,,,,,
SCI,,,,,
SCKT,,,,,
SCL,,,,,
SCLE,,,,,
SCLEW,,,,,
SCLX,,,,,
SCLXW,,,,,
SCM,,,,,
SCMA,,,,,
SCMAU,,,,,
SCMAW,,,,,
SCOA,,,,,
SCOAU,,,,,
SCOAW,,,,,
SCOB,,,,,
SCOBW,,,,,
SCOR,,,,,
SCPH,,,,,
SCPL,,,,,
SCPS,,,,,
SCRM,,,,,
SCRMU,,,,,
SCRMW,,,,,
SCS,,,,,
SCSC,,,,,
SCTL,,,,,
SCU,,,,,
SCUA,,,,,
SCVL,,,,,
SCWO,,,,,
SCWX,,,,,
SCX,,,,,
SCYX,,,,,
SD,,,,,
SDAC,,,,,
SDACU,,,,,
SDACW,,,,,
SDC,,,,,
SDGR,,,,,
SDHY,,,,,
SDIG,,,,,
SDPI,,,,,
SDRL,,,,,
SE,,,,,
SEAC,,,,,
SEAL-PA,,,,,
SEAL-PB,,,,,
SEAS,,,,,
SEAT,,,,,
SEB,,,,,
SECO,,,,,
SEDA,,,,,
SEDG,,,,,
SEE,,,,,
SEED,,,,,
SEEL,,,,,
SEER,,,,,
SEIC,,,,,
SELB,,,,,
SELF,,,,,
SEM,,,,,
SEMR,,,,,
SENEA,,,,,
SENEB,,,,,
SENS,,,,,
SERA,,,,,
SES,,,,,
SESN,,,,,
SEV,,,,,
SEVN,,,,,
SF,,,,,
SF-PB,,,,,
SF-PC,,,,,
SF-PD,,,,,
SFB,,,,,
SFBC,,,,,
SFBS,,,,,
SFE,,,,,
SFET,,,,,
SFIX,,,,,
SFL,,,,,
SFM,,,,,
SFNC,,,,,
SFR,,,,,
SFRWW,,,,,
SFST,,,,,
SFT,,,,,
SG,,,,,
SGA,,,,,
SGBX,,,,,
SGC,,,,,
SGEN,,,,,
SGFY,,,,,
SGH,,,,,
SGHC,,,,,
SGHLW,,,,,
SGHT,,,,,
SGII,,,,,
SGLY,,,,,
SGMA,,,,,
SGML,,,,,
SGMO,,,,,
SGRP,,,,,
SGRY,,,,,
SGTX,,,,,
SGU,,,,,
SHAC,,,,,
SHACU,,,,,
SHAK,,,,,
SHAP,,,,,
SHBI,,,,,
SHC,,,,,
SHCA,,,,,
SHCAU,,,,,
SHCAW,,,,,
SHCR,,,,,
SHCRW,,,,,
SHEL,,,,,
SHEN,,,,,
SHFS,,,,,
SHFSW,,,,,
SHG,,,,,
SHIP,,,,,
SHLS,,,,,
SHO,,,,,
SHO-PH,,,,,
SHO-PI,,,,,
SHOO,,,,,
SHOP,,,,,
SHPH,,,,,
SHPW,,,,,
SHQA,,,,,
SHQAW,,,,,
SHUA,,,,,
SHUAU,,,,,
SHUAW,,,,,
SHW,,,,,
SHYF,,,,,
SI,,,,,
SI-PA,,,,,
SIBN,,,,,
SID,,,,,
SIDU,,,,,
SIEB,,,,,
SIEN,,,,,
SIER,,,,,
SIERW,,,,,
SIF,,,,,
SIFY,,,,,
SIG,,,,,
SIGA,,,,,
SIGI,,,,,
SIGIP,,,,,
SII,,,,,
SILC,,,,,
SILK,,,,,
SILO,,,,,
SILV,,,,,
SIM,,,,,
SIMO,,,,,
SINT,,,,,
SIOX,,,,,
SIRE,,,,,
SIRI,,,,,
SISI,,,,,
SITC,,,,,
SITC-PA,,,,,
SITE,,,,,
SITM,,,,,
SIVB,,,,,
SIVBP,,,,,
SIX,,,,,
SJ,,,,,
SJI,,,,,
SJIJ,,,,,
SJIV,,,,,
SJM,,,,,
SJR,,,,,
SJT,,,,,
SJW,,,,,
SKE,,,,,
SKGR,,,,,
SKGRU,,,,,
SKGRW,,,,,
SKIL,,,,,
SKIN,,,,,
SKLZ,,,,,
SKM,,,,,
SKT,,,,,
SKX,,,,,
SKY,,,,,
SKYA,,,,,
SKYAW,,,,,
SKYH,,,,,
SKYT,,,,,
SKYW,,,,,
SKYX,,,,,
SLAB,,,,,
SLAC,,,,,
SLAM,,,,,
SLAMU,,,,,
SLAMW,,,,,
SLB,,,,,
SLCA,,,,,
SLDB,,,,,
SLDP,,,,,
SLDPW,,,,,
SLF,,,,,
SLG,,,,,
SLG-PI,,,,,
SLGC,,,,,
SLGCW,,,,,
SLGG,,,,,
SLGL,,,,,
SLGN,,,,,
SLI,,,,,
SLM,,,,,
SLMBP,,,,,
SLN,,,,,
SLNA,,,,,
SLNAW,,,,,
SLNG,,,,,
SLNH,,,,,
SLNHP,,,,,
SLNO,,,,,
SLP,,,,,
SLQT,,,,,
SLRC,,,,,
SLRX,,,,,
SLS,,,,,
SLVM,,,,,
SLVR,,,,,
SLVRU,,,,,
SM,,,,,
SMAP,,,,,
SMAPU,,,,,
SMAR,,,,,
SMBC,,,,,
SMBK,,,,,
SMCI,,,,,
SMFG,,,,,
SMFL,,,,,
SMFR,,,,,
SMFRW,,,,,
SMG,,,,,
SMHI,,,,,
SMID,,,,,
SMIH,,,,,
SMIHU,,,,,
SMIT,,,,,
SMLP,,,,,
SMLR,,,,,
SMMF,,,,,
SMMT,,,,,
SMP,,,,,
SMPL,,,,,
SMR,,,,,
SMRT,,,,,
SMSI,,,,,
SMTC,,,,,
SMTI,,,,,
SMWB,,,,,
SNA,,,,,
SNAL,,,,,
SNAP,,,,,
SNAX,,,,,
SNAXW,,,,,
SNBR,,,,,
SNCE,,,,,
SNCR,,,,,
SNCRL,,,,,
SNCY,,,,,
SND,,,,,
SNDA,,,,,
SNDL,,,,,
SNDR,,,,,
SNDX,,,,,
SNES,,,,,
SNEX,,,,,
SNFCA,,,,,
SNGX,,,,,
SNMP,,,,,
SNN,,,,,
SNOA,,,,,
SNOW,,,,,
SNPO,,,,,
SNPS,,,,,
SNPX,,,,,
SNRH,,,,,
SNRHU,,,,,
SNRHW,,,,,
SNSE,,,,,
SNT,,,,,
SNTG,,,,,
SNTI,,,,,
SNV,,,,,
SNV-PD,,,,,
SNV-PE,,,,,
SNX,,,,,
SNY,,,,,
SO,,,,,
SOBR,,,,,
SOFI,,,,,
SOFO,,,,,
SOHO,,,,,
SOHOB,,,,,
SOHON,,,,,
SOHOO,,,,,
SOHU,,,,,
SOI,,,,,
SOJC,,,,,
SOJD,,,,,
SOJE,,,,,
SOL,,,,,
SOLO,,,,,
SOLOW,,,,,
SON,,,,,
SOND,,,,,
SONDW,,,,,
SONM,,,,,
SONN,,,,,
SONO,,,,,
SONX,,,,,
SONY,,,,,
SOPA,,,,,
SOPH,,,,,
SOR,,,,,
SOS,,,,,
SOTK,,,,,
SOUN,,,,,
SOUNW,,,,,
SOVO,,,,,
SP,,,,,
SPB,,,,,
SPCB,,,,,
SPCE,,,,,
SPCM,,,,,
SPCMU,,,,,
SPCMW,,,,,
SPE,,,,,
SPE-PC,,,,,
SPFI,,,,,
SPG,,,,,
SPG-PJ,,,,,
SPGI,,,,,
SPGS,,,,,
SPH,,,,,
SPI,,,,,
SPIR,,,,,
SPK,,,,,
SPKAR,,,,,
SPKB,,,,,
SPKBU,,,,,
SPKBW,,,,,
SPLK,,,,,
SPLP,,,,,
SPLP-PA,,,,,
SPNE,,,,,
SPNS,,,,,
SPNT,,,,,
SPNT-PB,,,,,
SPOK,,,,,
SPOT,,,,,
SPPI,,,,,
SPR,,,,,
SPRB,,,,,
SPRC,,,,,
SPRO,,,,,
SPRU,,,,,
SPRY,,,,,
SPSC,,,,,
SPT,,,,,
SPTK,,,,,
SPTKU,,,,,
SPTKW,,,,,
SPTN,,,,,
SPWH,,,,,
SPWR,,,,,
SPXC,,,,,
SPXX,,,,,
SQ,,,,,
SQFT,,,,,
SQFTP,,,,,
SQFTW,,,,,
SQL,,,,,
SQLLW,,,,,
SQM,,,,,
SQNS,,,,,
SQSP,,,,,
SQZ,,,,,
SR,,,,,
SR-PA,,,,,
SRAD,,,,,
SRAX,,,,,
SRC,,,,,
SRC-PA,,,,,
SRCE,,,,,
SRCL,,,,,
SRDX,,,,,
SRE,,,,,
SREA,,,,,
SRG,,,,,
SRG-PA,,,,,
SRGA,,,,,
SRI,,,,,
SRL,,,,,
SRNE,,,,,
SRPT,,,,,
SRRK,,,,,
SRT,,,,,
SRTS,,,,,
SRV,,,,,
SRZN,,,,,
SRZNW,,,,,
SSAA,,,,,
SSAAU,,,,,
SSAAW,,,,,
SSB,,,,,
SSBI,,,,,
SSBK,,,,,
SSD,,,,,
SSIC,,,,,
SSKN,,,,,
SSL,,,,,
SSNC,,,,,
SSNT,,,,,
SSP,,,,,
SSRM,,,,,
SSSS,,,,,
SSSSL,,,,,
SST,,,,,
SSTI,,,,,
SSTK,,,,,
SSU,,,,,
SSY,,,,,
SSYS,,,,,
ST,,,,,
STAA,,,,,
STAB,,,,,
STAF,,,,,
STAG,,,,,
STAR,,,,,
STAR-PD,,,,,
STAR-PG,,,,,
STAR-PI,,,,,
STBA,,,,,
STBX,,,,,
STC,,,,,
STCN,,,,,
STE,,,,,
STEL,,,,,
STEM,,,,,
STEP,,,,,
STER,,,,,
STET,,,,,
STEW,,,,,
STG,,,,,
STGW,,,,,
STIM,,,,,
STIX,,,,,
STIXW,,,,,
STK,,,,,
STKH,,,,,
STKL,,,,,
STKS,,,,,
STLA,,,,,
STLD,,,,,
STM,,,,,
STN,,,,,
STNE,,,,,
STNG,,,,,
STOK,,,,,
STOR,,,,,
STR,,,,,
STRA,,,,,
STRC,,,,,
STRCW,,,,,
STRE,,,,,
STRL,,,,,
STRM,,,,,
STRN,,,,,
STRNW,,,,,
STRO,,,,,
STRR,,,,,
STRRP,,,,,
STRS,,,,,
STRT,,,,,
STRY,,,,,
STSA,,,,,
STSS,,,,,
STSSW,,,,,
STT,,,,,
STT-PD,,,,,
STT-PG,,,,,
STTK,,,,,
STVN,,,,,
STWD,,,,,
STX,,,,,
STXS,,,,,
STZ,,,,,
SU,,,,,
SUAC,,,,,
SUI,,,,,
SUM,,,,,
SUMO,,,,,
SUN,,,,,
SUNL,,,,,
SUNW,,,,,
SUP,,,,,
SUPN,,,,,
SUPV,,,,,
SURF,,,,,
SURG,,,,,
SURGW,,,,,
SUZ,,,,,
SVC,,,,,
SVFA,,,,,
SVFAU,,,,,
SVFAW,,,,,
SVFB,,,,,
SVFD,,,,,
SVII,,,,,
SVIIR,,,,,
SVM,,,,,
SVNA,,,,,
SVNAU,,,,,
SVRA,,,,,
SVRE,,,,,
SVREW,,,,,
SVT,,,,,
SVVC,,,,,
SWAV,,,,,
SWBI,,,,,
SWCH,,,,,
SWI,,,,,
SWIM,,,,,
SWIR,,,,,
SWK,,,,,
SWKH,,,,,
SWKS,,,,,
SWN,,,,,
SWSS,,,,,
SWSSW,,,,,
SWTX,,,,,
SWVL,,,,,
SWVLW,,,,,
SWX,,,,,
SWZ,,,,,
SXC,,,,,
SXI,,,,,
SXT,,,,,
SXTC,,,,,
SY,,,,,
SYBT,,,,,
SYBX,,,,,
SYF,,,,,
SYF-PA,,,,,
SYK,,,,,
SYM,,,,,
SYNA,,,,,
SYNH,,,,,
SYPR,,,,,
SYRS,,,,,
SYTA,,,,,
SYTAW,,,,,
SYY,,,,,
SZZL,,,,,
SZZLU,,,,,
SZZLW,,,,,
T,,,,,
T-PA,,,,,
T-PC,,,,,
TA,,,,,
TAC,,,,,
TACT,,,,,
TAIT,,,,,
TAK,,,,,
TAL,,,,,
TALK,,,,,
TALKW,,,,,
TALO,,,,,
TALS,,,,,
TANH,,,,,
TANNI,,,,,
TANNL,,,,,
TANNZ,,,,,
TAOP,,,,,
TAP,,,,,
TARA,,,,,
TARO,,,,,
TARS,,,,,
TASK,,,,,
TAST,,,,,
TATT,,,,,
TAYD,,,,,
TBB,,,,,
TBBK,,,,,
TBC,,,,,
TBCP,,,,,
TBCPU,,,,,
TBCPW,,,,,
TBI,,,,,
TBLA,,,,,
TBLAW,,,,,
TBLD,,,,,
TBLT,,,,,
TBLTW,,,,,
TBNK,,,,,
TBPH,,,,,
TBSAW,,,,,
TC,,,,,
TCBC,,,,,
TCBI,,,,,
TCBIO,,,,,
TCBK,,,,,
TCBP,,,,,
TCBS,,,,,
TCBX,,,,,
TCDA,,,,,
TCFC,,,,,
TCI,,,,,
TCMD,,,,,
TCN,,,,,
TCOA,,,,,
TCOM,,,,,
TCON,,,,,
TCPC,,,,,
TCRR,,,,,
TCRT,,,,,
TCRX,,,,,
TCS,,,,,
TCVA,,,,,
TCX,,,,,
TD,,,,,
TDC,,,,,
TDCX,,,,,
TDF,,,,,
TDG,,,,,
TDOC,,,,,
TDS,,,,,
TDS-PU,,,,,
TDS-PV,,,,,
TDUP,,,,,
TDW,,,,,
TDY,,,,,
TEAF,,,,,
TEAM,,,,,
TECH,,,,,
TECK,,,,,
TECTP,,,,,
TEDU,,,,,
TEF,,,,,
TEI,,,,,
TEL,,,,,
TELA,,,,,
TELL,,,,,
TELZ,,,,,
TENB,,,,,
TENX,,,,,
TEO,,,,,
TER,,,,,
TERN,,,,,
TESS,,,,,
TETC,,,,,
TETCU,,,,,
TETCW,,,,,
TETE,,,,,
TETEU,,,,,
TEVA,,,,,
TEX,,,,,
TFC,,,,,
TFC-PI,,,,,
TFC-PO,,,,,
TFC-PR,,,,,
TFFP,,,,,
TFII,,,,,
TFIN,,,,,
TFINP,,,,,
TFPM,,,,,
TFSA,,,,,
TFSL,,,,,
TFX,,,,,
TG,,,,,
TGAA,,,,,
TGAN,,,,,
TGB,,,,,
TGH,,,,,
TGH-PA,,,,,
TGH-PB,,,,,
TGI,,,,,
TGL,,,,,
TGLS,,,,,
TGNA,,,,,
TGR,,,,,
TGS,,,,,
TGT,,,,,
TGTX,,,,,
TGVC,,,,,
TGVCU,,,,,
TH,,,,,
THAC,,,,,
THACU,,,,,
THACW,,,,,
THC,,,,,
THCH,,,,,
THCHW,,,,,
THCP,,,,,
THCPU,,,,,
THCPW,,,,,
THFF,,,,,
THG,,,,,
THM,,,,,
THMO,,,,,
THO,,,,,
THQ,,,,,
THR,,,,,
THRD,,,,,
THRM,,,,,
THRN,,,,,
THRX,,,,,
THRY,,,,,
THS,,,,,
THTX,,,,,
THW,,,,,
THWWW,,,,,
TIG,,,,,
TIGO,,,,,
TIGR,,,,,
TIL,,,,,
TILE,,,,,
TIMB,,,,,
TIOA,,,,,
TIOAU,,,,,
TIOAW,,,,,
TIPT,,,,,
TIRX,,,,,
TISI,,,,,
TITN,,,,,
TIVC,,,,,
TIXT,,,,,
TJX,,,,,
TK,,,,,
TKAT,,,,,
TKC,,,,,
TKLF,,,,,
TKNO,,,,,
TKR,,,,,
TLF,,,,,
TLGA,,,,,
TLGY,,,,,
TLGYW,,,,,
TLIS,,,,,
TLK,,,,,
TLRY,,,,,
TLS,,,,,
TLSA,,,,,
TLYS,,,,,
TM,,,,,
TMBR,,,,,
TMC,,,,,
TMCI,,,,,
TMCWW,,,,,
TMDI,,,,,
TMDX,,,,,
TME,,,,,
TMHC,,,,,
TMKR,,,,,
TMKRU,,,,,
TMKRW,,,,,
TMO,,,,,
TMP,,,,,
TMPO,,,,,
TMPOW,,,,,
TMQ,,,,,
TMST,,,,,
TMUS,,,,,
TNC,,,,,
TNDM,,,,,
TNET,,,,,
TNGX,,,,,
TNK,,,,,
TNL,,,,,
TNON,,,,,
TNP,,,,,
TNP-PD,,,,,
TNP-PE,,,,,
TNP-PF,,,,,
TNXP,,,,,
TNYA,,,,,
TOAC,,,,,
TOACW,,,,,
TOI,,,,,
TOIIW,,,,,
TOL,,,,,
TOMZ,,,,,
TOP,,,,,
TOPS,,,,,
TOST,,,,,
TOUR,,,,,
TOVX,,,,,
TOWN,,,,,
TPB,,,,,
TPBA,,,,,
TPBAU,,,,,
TPBAW,,,,,
TPC,,,,,
TPG,,,,,
TPH,,,,,
TPHS,,,,,
TPIC,,,,,
TPL,,,,,
TPR,,,,,
TPST,,,,,
TPTA,,,,,
TPVG,,,,,
TPX,,,,,
TPZ,,,,,
TR,,,,,
TRAQ,,,,,
TRC,,,,,
TRCA,,,,,
TRDA,,,,,
TREE,,,,,
TREX,,,,,
TRGP,,,,,
TRHC,,,,,
TRI,,,,,
TRIB,,,,,
TRIN,,,,,
TRINL,,,,,
TRIP,,,,,
TRIS,,,,,
TRKA,,,,,
TRKAW,,,,,
TRMB,,,,,
TRMD,,,,,
TRMK,,,,,
TRMR,,,,,
TRN,,,,,
TRNO,,,,,
TRNS,,,,,
TRON,,,,,
TROO,,,,,
TROW,,,,,
TROX,,,,,
TRP,,,,,
TRQ,,,,,
TRS,,,,,
TRST,,,,,
TRT,,,,,
TRTL,,,,,
TRTN,,,,,
TRTN-PA,,,,,
TRTN-PB,,,,,
TRTN-PC,,,,,
TRTN-PD,,,,,
TRTN-PE,,,,,
TRTX,,,,,
TRTX-PC,,,,,
TRU,,,,,
TRUE,,,,,
TRUP,,,,,
TRV,,,,,
TRVG,,,,,
TRVI,,,,,
TRVN,,,,,
TRX,,,,,
TS,,,,,
TSAT,,,,,
TSBK,,,,,
TSCO,,,,,
TSE,,,,,
TSEM,,,,,
TSHA,,,,,
TSI,,,,,
TSLA,,,,,
TSLX,,,,,
TSM,,,,,
TSN,,,,,
TSP,,,,,
TSPQ,,,,,
TSQ,,,,,
TSRI,,,,,
TSVT,,,,,
TT,,,,,
TTC,,,,,
TTCF,,,,,
TTD,,,,,
TTE,,,,,
TTEC,,,,,
TTEK,,,,,
TTGT,,,,,
TTI,,,,,
TTM,,,,,
TTMI,,,,,
TTNP,,,,,
TTOO,,,,,
TTP,,,,,
TTSH,,,,,
TTWO,,,,,
TU,,,,,
TUEM,,,,,
TUP,,,,,
TURN,,,,,
TUSK,,,,,
TUYA,,,,,
TV,,,,,
TVC,,,,,
TVE,,,,,
TVTX,,,,,
TW,,,,,
TWCB,,,,,
TWCBW,,,,,
TWI,,,,,
TWIN,,,,,
TWKS,,,,,
TWLO,,,,,
TWLV,,,,,
TWLVU,,,,,
TWN,,,,,
TWND,,,,,
TWNI,,,,,
TWNK,,,,,
TWO,,,,,
TWO-PA,,,,,
TWO-PB,,,,,
TWO-PC,,,,,
TWOA,,,,,
TWOU,,,,,
TWST,,,,,
TX,,,,,
TXG,,,,,
TXMD,,,,,
TXN,,,,,
TXRH,,,,,
TXT,,,,,
TY,,,,,
TY-P,,,,,
TYDE,,,,,
TYG,,,,,
TYL,,,,,
TYRA,,,,,
TZOO,,,,,
TZPS,,,,,
TZPSU,,,,,
TZPSW,,,,,
U,,,,,
UA,,,,,
UAA,,,,,
UAL,,,,,
UAMY,,,,,
UAN,,,,,
UAVS,,,,,
UBA,,,,,
UBCP,,,,,
UBER,,,,,
UBFO,,,,,
UBP,,,,,
UBP-PH,,,,,
UBP-PK,,,,,
UBS,,,,,
UBSI,,,,,
UBX,,,,,
UCBI,,,,,
UCBIO,,,,,
UCL,,,,,
UCTT,,,,,
UDMY,,,,,
UDR,,,,,
UE,,,,,
UEC,,,,,
UEIC,,,,,
UFAB,,,,,
UFCS,,,,,
UFI,,,,,
UFPI,,,,,
UFPT,,,,,
UG,,,,,
UGI,,,,,
UGIC,,,,,
UGP,,,,,
UGRO,,,,,
UHAL,,,,,
UHALB,,,,,
UHS,,,,,
UHT,,,,,
UI,,,,,
UIHC,,,,,
UIS,,,,,
UK,,,,,
UKOMW,,,,,
UL,,,,,
ULBI,,,,,
ULCC,,,,,
ULH,,,,,
ULTA,,,,,
UMBF,,,,,
UMC,,,,,
UMH,,,,,
UMH-PD,,,,,
UMPQ,,,,,
UNAM,,,,,
UNB,,,,,
UNCY,,,,,
UNF,,,,,
UNFI,,,,,
UNH,,,,,
UNIT,,,,,
UNM,,,,,
UNMA,,,,,
UNP,,,,,
UNTY,,,,,
UNVR,,,,,
UONE,,,,,
UONEK,,,,,
UP,,,,,
UPC,,,,,
UPH,,,,,
UPLD,,,,,
UPS,,,,,
UPST,,,,,
UPTD,,,,,
UPTDU,,,,,
UPWK,,,,,
UPXI,,,,,
URBN,,,,,
URG,,,,,
URGN,,,,,
URI,,,,,
UROY,,,,,
USA,,,,,
USAC,,,,,
USAP,,,,,
USAS,,,,,
USAU,,,,,
USB,,,,,
USB-PA,,,,,
USB-PH,,,,,
USB-PP,,,,,
USB-PQ,,,,,
USB-PR,,,,,
USB-PS,,,,,
USCB,,,,,
USCT,,,,,
USCTW,,,,,
USDP,,,,,
USEA,,,,,
USEG,,,,,
USER,,,,,
USFD,,,,,
USIO,,,,,
USLM,,,,,
USM,,,,,
USNA,,,,,
USPH,,,,,
USX,,,,,
UTAA,,,,,
UTAAW,,,,,
UTF,,,,,
UTG,,,,,
UTHR,,,,,
UTI,,,,,
UTL,,,,,
UTMD,,,,,
UTME,,,,,
UTRS,,,,,
UTSI,,,,,
UTZ,,,,,
UUU,,,,,
UUUU,,,,,
UVE,,,,,
UVSP,,,,,
UVV,,,,,
UWMC,,,,,
UXIN,,,,,
UZD,,,,,
UZE,,,,,
UZF,,,,,
V,,,,,
VABK,,,,,
VAC,,,,,
VACC,,,,,
VAL,,,,,
VALE,,,,,
VALN,,,,,
VALU,,,,,
VANI,,,,,
VAPO,,,,,
VAQC,,,,,
VATE,,,,,
VAXX,,,,,
VBF,,,,,
VBFC,,,,,
VBIV,,,,,
VBLT,,,,,
VBNK,,,,,
VBOC,,,,,
VBOCU,,,,,
VBTX,,,,,
VC,,,,,
VCEL,,,,,
VCIF,,,,,
VCNX,,,,,
VCSA,,,,,
VCTR,,,,,
VCV,,,,,
VCXA,,,,,
VCXAU,,,,,
VCXAW,,,,,
VCXB,,,,,
VCYT,,,,,
VECO,,,,,
VECT,,,,,
VEDU,,,,,
VEEE,,,,,
VEEV,,,,,
VEL,,,,,
VELO,,,,,
VELOU,,,,,
VELOW,,,,,
VENA,,,,,
VENAR,,,,,
VENAU,,,,,
VENAW,,,,,
VEON,,,,,
VERA,,,,,
VERB,,,,,
VERBW,,,,,
VERI,,,,,
VERO,,,,,
VERU,,,,,
VERV,,,,,
VERX,,,,,
VERY,,,,,
VET,,,,,
VEV,,,,,
VFC,,,,,
VFF,,,,,
VFL,,,,,
VGFC,,,,,
VGI,,,,,
VGM,,,,,
VGR,,,,,
VGZ,,,,,
VHAQ,,,,,
VHC,,,,,
VHI,,,,,
VHNA,,,,,
VIA,,,,,
VIAO,,,,,
VIASP,,,,,
VIAV,,,,,
VICI,,,,,
VICR,,,,,
VIEW,,,,,
VIEWW,,,,,
VIGL,,,,,
VII,,,,,
VIIAU,,,,,
VIIAW,,,,,
VINC,,,,,
VINE,,,,,
VINO,,,,,
VINP,,,,,
VIOT,,,,,
VIPS,,,,,
VIR,,,,,
VIRC,,,,,
VIRI,,,,,
VIRT,,,,,
VIRX,,,,,
VISL,,,,,
VIST,,,,,
VITL,,,,,
VIV,,,,,
VIVE,,,,,
VIVK,,,,,
VIVO,,,,,
VJET,,,,,
VKI,,,,,
VKQ,,,,,
VKTX,,,,,
VLAT,,,,,
VLCN,,,,,
VLD,,,,,
VLDR,,,,,
VLDRW,,,,,
VLGEA,,,,,
VLN,,,,,
VLNS,,,,,
VLO,,,,,
VLON,,,,,
VLRS,,,,,
VLT,,,,,
VLTA,,,,,
VLY,,,,,
VLYPO,,,,,
VLYPP,,,,,
VMAR,,,,,
VMC,,,,,
VMCA,,,,,
VMCAU,,,,,
VMCAW,,,,,
VMD,,,,,
VMEO,,,,,
VMGA,,,,,
VMGAW,,,,,
VMI,,,,,
VMO,,,,,
VMW,,,,,
VNCE,,,,,
VNDA,,,,,
VNET,,,,,
VNO,,,,,
VNO-PL,,,,,
VNO-PM,,,,,
VNO-PN,,,,,
VNO-PO,,,,,
VNOM,,,,,
VNRX,,,,,
VNT,,,,,
VNTR,,,,,
VOC,,,,,
VOD,,,,,
VOR,,,,,
VORB,,,,,
VORBW,,,,,
VOXR,,,,,
VOXX,,,,,
VOYA,,,,,
VOYA-PB,,,,,
VPCB,,,,,
VPG,,,,,
VPV,,,,,
VQS,,,,,
VRA,,,,,
VRAR,,,,,
VRAX,,,,,
VRAY,,,,,
VRCA,,,,,
VRDN,,,,,
VRE,,,,,
VREX,,,,,
VRM,,,,,
VRME,,,,,
VRNA,,,,,
VRNS,,,,,
VRNT,,,,,
VRPX,,,,,
VRRM,,,,,
VRSK,,,,,
VRSN,,,,,
VRT,,,,,
VRTS,,,,,
VRTV,,,,,
VRTX,,,,,
VS,,,,,
VSAC,,,,,
VSACW,,,,,
VSAT,,,,,
VSCO,,,,,
VSEC,,,,,
VSH,,,,,
VSSYW,,,,,
VST,,,,,
VSTA,,,,,
VSTM,,,,,
VSTO,,,,,
VTEX,,,,,
VTGN,,,,,
VTIQ,,,,,
VTIQU,,,,,
VTIQW,,,,,
VTN,,,,,
VTNR,,,,,
VTOL,,,,,
VTR,,,,,
VTRS,,,,,
VTRU,,,,,
VTSI,,,,,
VTVT,,,,,
VTYX,,,,,
VUZI,,,,,
VVI,,,,,
VVNT,,,,,
VVOS,,,,,
VVPR,,,,,
VVR,,,,,
VVV,,,,,
VVX,,,,,
VWE,,,,,
VWEWW,,,,,
VXRT,,,,,
VYGR,,,,,
VYNE,,,,,
VYNT,,,,,
VZ,,,,,
VZIO,,,,,
VZLA,,,,,
W,,,,,
WAB,,,,,
WABC,,,,,
WAFD,,,,,
WAFDP,,,,,
WAFU,,,,,
WAL,,,,,
WAL-PA,,,,,
WALD,,,,,
WALDW,,,,,
WASH,,,,,
WAT,,,,,
WATT,,,,,
WAVC,,,,,
WAVD,,,,,
WAVE,,,,,
WB,,,,,
WBA,,,,,
WBD,,,,,
WBEV,,,,,
WBS,,,,,
WBS-PF,,,,,
WBS-PG,,,,,
WBX,,,,,
WCC,,,,,
WCC-PA,,,,,
WCN,,,,,
WD,,,,,
WDAY,,,,,
WDC,,,,,
WDFC,,,,,
WDH,,,,,
WDI,,,,,
WDS,,,,,
WE,,,,,
WEA,,,,,
WEAV,,,,,
WEBR,,,,,
WEC,,,,,
WEJO,,,,,
WEJOW,,,,,
WEL,,,,,
WELL,,,,,
WEN,,,,,
WERN,,,,,
WES,,,,,
WEST,,,,,
WESTW,,,,,
WETG,,,,,
WEX,,,,,
WEYS,,,,,
WF,,,,,
WFC,,,,,
WFC-PA,,,,,
WFC-PC,,,,,
WFC-PD,,,,,
WFC-PL,,,,,
WFC-PQ,,,,,
WFC-PR,,,,,
WFC-PY,,,,,
WFC-PZ,,,,,
WFCF,,,,,
WFG,,,,,
WFRD,,,,,
WGO,,,,,
WH,,,,,
WHD,,,,,
WHF,,,,,
WHG,,,,,
WHLM,,,,,
WHLR,,,,,
WHLRD,,,,,
WHLRP,,,,,
WHR,,,,,
WIA,,,,,
WILC,,,,,
WIMI,,,,,
WINA,,,,,
WING,,,,,
WINT,,,,,
WINV,,,,,
WINVR,,,,,
WINVW,,,,,
WIRE,,,,,
WISA,,,,,
WISH,,,,,
WIT,,,,,
WIW,,,,,
WIX,,,,,
WK,,,,,
WKEY,,,,,
WKHS,,,,,
WKME,,,,,
WKSP,,,,,
WKSPW,,,,,
WLDN,,,,,
WLDS,,,,,
WLDSW,,,,,
WLFC,,,,,
WLK,,,,,
WLKP,,,,,
WLMS,,,,,
WLY,,,,,
WLYB,,,,,
WM,,,,,
WMB,,,,,
WMC,,,,,
WMG,,,,,
WMK,,,,,
WMPN,,,,,
WMS,,,,,
WMT,,,,,
WNC,,,,,
WNEB,,,,,
WNNR,,,,,
WNS,,,,,
WNW,,,,,
WOLF,,,,,
WOOF,,,,,
WOR,,,,,
WORX,,,,,
WOW,,,,,
WPC,,,,,
WPCA,,,,,
WPCB,,,,,
WPM,,,,,
WPP,,,,,
WPRT,,,,,
WQGA,,,,,
WRAC,,,,,
WRAP,,,,,
WRB,,,,,
WRB-PE,,,,,
WRB-PF,,,,,
WRB-PG,,,,,
WRB-PH,,,,,
WRBY,,,,,
WRK,,,,,
WRLD,,,,,
WRN,,,,,
WSBC,,,,,
WSBCP,,,,,
WSBF,,,,,
WSC,,,,,
WSFS,,,,,
WSM,,,,,
WSO,,,,,
WSO-B,,,,,
WSR,,,,,
WST,,,,,
WT,,,,,
WTBA,,,,,
WTER,,,,,
WTFC,,,,,
WTFCM,,,,,
WTFCP,,,,,
WTI,,,,,
WTM,,,,,
WTMA,,,,,
WTMAR,,,,,
WTRG,,,,,
WTS,,,,,
WTT,,,,,
WTTR,,,,,
WTW,,,,,
WU,,,,,
WULF,,,,,
WVE,,,,,
WVVI,,,,,
WVVIP,,,,,
WW,,,,,
WWACW,,,,,
WWD,,,,,
WWE,,,,,
WWR,,,,,
WWW,,,,,
WY,,,,,
WYNN,,,,,
WYY,,,,,
X,,,,,
XAIR,,,,,
XBIO,,,,,
XBIT,,,,,
XCUR,,,,,
XEL,,,,,
XELA,,,,,
XELAP,,,,,
XELB,,,,,
XENE,,,,,
XERS,,,,,
XFIN,,,,,
XFLT,,,,,
XFLT-PA,,,,,
XFOR,,,,,
XGN,,,,,
XHR,,,,,
XIN,,,,,
XLO,,,,,
XM,,,,,
XMTR,,,,,
XNCR,,,,,
XNET,,,,,
XOM,,,,,
XOMA,,,,,
XOMAO,,,,,
XOMAP,,,,,
XOS,,,,,
XOSWW,,,,,
XP,,,,,
XPAX,,,,,
XPDB,,,,,
XPDBW,,,,,
XPEL,,,,,
XPER,,,,,
XPEV,,,,,
XPL,,,,,
XPO,,,,,
XPOF,,,,,
XPON,,,,,
XPRO,,,,,
XRAY,,,,,
XRTX,,,,,
XRX,,,,,
XTLB,,,,,
XTNT,,,,,
XWEL,,,,,
XXII,,,,,
XYF,,,,,
XYL,,,,,
YALA,,,,,
YCBD,,,,,
YCBD-PA,,,,,
YELL,,,,,
YELP,,,,,
YETI,,,,,
YEXT,,,,,
YGMZ,,,,,
YI,,,,,
YJ,,,,,
YMAB,,,,,
YMM,,,,,
YMTX,,,,,
YORW,,,,,
YOSH,,,,,
YOTA,,,,,
YOTAW,,,,,
YOU,,,,,
YPF,,,,,
YQ,,,,,
YRD,,,,,
YSG,,,,,
YTEN,,,,,
YTPG,,,,,
YTRA,,,,,
YUM,,,,,
YUMC,,,,,
YVR,,,,,
YY,,,,,
Z,,,,,
ZBH,,,,,
ZBRA,,,,,
ZCMD,,,,,
ZD,,,,,
ZDGE,,,,,
ZENV,,,,,
ZEPP,,,,,
ZEST,,,,,
ZETA,,,,,
ZEUS,,,,,
ZEV,,,,,
ZFOX,,,,,
ZFOXW,,,,,
ZG,,,,,
ZGN,,,,,
ZH,,,,,
ZI,,,,,
ZIM,,,,,
ZIMV,,,,,
ZING,,,,,
ZINGW,,,,,
ZION,,,,,
ZIONL,,,,,
ZIONO,,,,,
ZIONP,,,,,
ZIP,,,,,
ZIVO,,,,,
ZIVOW,,,,,
ZKIN,,,,,
ZLAB,,,,,
ZM,,,,,
ZNH,,,,,
ZNTL,,,,,
ZOM,,,,,
ZS,,,,,
ZT,,,,,
ZTAQU,,,,,
ZTAQW,,,,,
ZTEK,,,,,
ZTO,,,,,
ZTR,,,,,
ZTS,,,,,
ZUMZ,,,,,
ZUO,,,,,
ZVIA,,,,,
ZWRK,,,,,
ZWS,,,,,
ZYME,,,,,
ZYNE,,,,,
ZYXI,,,,,
